TARGET,AMT_INCOME_TOTAL,AMT_CREDIT,AMT_ANNUITY,AMT_GOODS_PRICE,REGION_POPULATION_RELATIVE,DAYS_BIRTH,DAYS_EMPLOYED,CODE_GENDER,FLAG_OWN_CAR,NAME_CONTRACT_TYPE
0,157500.0,168102.0,15844.5,148500.0,0.020246,-9119,-411,F,Y,Cash loans
0,135000.0,398016.0,26725.5,360000.0,0.014464,-11644,-1192,M,N,Cash loans
0,247500.0,675000.0,28728.0,675000.0,0.0088659999999999,-18434,-2483,F,Y,Cash loans
0,225000.0,315000.0,15750.0,315000.0,0.002042,-19491,365243,F,N,Revolving loans
0,157500.0,1035000.0,33385.5,1035000.0,0.008625,-10224,-1220,M,N,Cash loans
0,301500.0,2250000.0,83385.0,2250000.0,0.0145199999999999,-21536,365243,F,N,Cash loans
0,94500.0,314100.0,16164.0,225000.0,0.0060079999999999,-16617,-309,F,N,Cash loans
0,153000.0,270000.0,13500.0,270000.0,0.026392,-22921,-3770,F,N,Revolving loans
0,112500.0,490495.5,27387.0,454500.0,0.030755,-22771,365243,M,N,Cash loans
0,54000.0,183384.0,17995.5,162000.0,0.015221,-16768,-2623,F,N,Cash loans
0,202500.0,1350000.0,53541.0,1350000.0,0.010276,-15909,-1659,M,Y,Cash loans
0,180000.0,318528.0,25294.5,252000.0,0.0228,-14315,-4080,F,N,Cash loans
0,112500.0,545040.0,20677.5,450000.0,0.025164,-12608,-2947,F,N,Cash loans
0,202500.0,808650.0,24732.0,675000.0,0.072508,-19742,365243,M,Y,Cash loans
0,202500.0,923454.0,34056.0,661500.0,0.016612,-16345,-3386,M,N,Cash loans
0,45000.0,412942.5,32755.5,373500.0,0.020246,-11151,-2878,F,N,Cash loans
0,90000.0,215865.0,22117.5,202500.0,0.00712,-23738,365243,F,N,Cash loans
0,112500.0,337221.0,22536.0,337221.0,0.018209,-18878,-3453,F,N,Cash loans
0,180000.0,239850.0,25317.0,225000.0,0.030755,-19890,365243,M,Y,Cash loans
0,90000.0,101880.0,9922.5,90000.0,0.007305,-23417,365243,M,N,Cash loans
0,157500.0,679500.0,22585.5,679500.0,0.028663,-13675,-440,F,Y,Cash loans
0,90000.0,247500.0,12375.0,247500.0,0.0145199999999999,-15554,-767,F,N,Revolving loans
0,157500.0,700830.0,20488.5,585000.0,0.020246,-15882,-296,F,N,Cash loans
0,180000.0,352044.0,16542.0,247500.0,0.04622,-14767,-1170,M,N,Cash loans
0,157500.0,495216.0,26995.5,427500.0,0.0031219999999999,-13839,-722,F,N,Cash loans
0,256500.0,2290743.0,60556.5,2047500.0,0.00702,-14320,-1310,M,Y,Cash loans
0,135000.0,225000.0,15349.5,225000.0,0.026392,-9918,-1807,M,N,Cash loans
0,112500.0,225000.0,14377.5,225000.0,0.009175,-14087,-1890,F,N,Cash loans
0,126000.0,980005.5,31428.0,846000.0,0.009549,-20558,365243,F,N,Cash loans
0,103500.0,130810.5,10462.5,108000.0,0.0060079999999999,-10188,-947,F,N,Cash loans
0,90000.0,675000.0,21906.0,675000.0,0.005002,-15019,-3073,F,N,Cash loans
0,135000.0,270000.0,13500.0,270000.0,0.0196889999999999,-11454,-2699,F,Y,Revolving loans
0,157500.0,1227901.5,46899.0,1129500.0,0.009175,-12409,-3264,M,Y,Cash loans
0,315000.0,450000.0,36211.5,450000.0,0.010006,-15990,-1983,M,Y,Cash loans
0,76500.0,979992.0,31743.0,702000.0,0.020246,-12888,-4054,F,N,Cash loans
0,225000.0,533668.5,25803.0,477000.0,0.04622,-11954,-2426,M,N,Cash loans
0,418500.0,1435500.0,39474.0,1435500.0,0.009334,-11612,-416,M,N,Cash loans
0,135000.0,545040.0,25537.5,450000.0,0.0084739999999999,-12697,-5058,M,Y,Cash loans
0,189000.0,1493086.5,52029.0,1363500.0,0.010147,-14481,-1861,F,N,Cash loans
0,166500.0,225000.0,11250.0,225000.0,0.009334,-14160,-2171,M,Y,Revolving loans
0,90000.0,47970.0,5166.0,45000.0,0.01885,-17021,-164,M,Y,Cash loans
0,67500.0,675000.0,19867.5,675000.0,0.0145199999999999,-11471,-90,F,N,Cash loans
0,112500.0,263686.5,29880.0,238500.0,0.00963,-9098,-929,M,N,Cash loans
0,81000.0,521280.0,35392.5,450000.0,0.015221,-12526,-2174,F,Y,Cash loans
0,405000.0,1885536.0,103324.5,1800000.0,0.006629,-23284,365243,F,N,Cash loans
0,202500.0,193572.0,11241.0,171000.0,0.016612,-13275,-827,M,Y,Cash loans
0,135000.0,180000.0,9000.0,180000.0,0.005084,-13198,-739,M,N,Revolving loans
0,225000.0,585000.0,29250.0,585000.0,0.020713,-15479,-1224,M,N,Revolving loans
0,225000.0,650704.5,33354.0,517500.0,0.020713,-9180,-287,M,N,Cash loans
0,216000.0,675000.0,24043.5,675000.0,0.026392,-14793,-341,M,Y,Cash loans
0,148500.0,1183500.0,32674.5,1183500.0,0.028663,-17288,-3315,F,N,Cash loans
0,112500.0,127350.0,13509.0,112500.0,0.0088659999999999,-15437,-8178,M,N,Cash loans
0,202500.0,450000.0,22018.5,450000.0,0.0196889999999999,-12308,-344,M,Y,Cash loans
0,112500.0,112500.0,13482.0,112500.0,0.028663,-12390,-3586,F,N,Cash loans
0,135000.0,66222.0,7155.0,58500.0,0.011703,-14770,-884,M,N,Cash loans
0,81000.0,225000.0,11250.0,225000.0,0.028663,-20786,365243,F,N,Revolving loans
0,270000.0,247675.5,17235.0,229500.0,0.030755,-21655,365243,F,N,Cash loans
0,135000.0,622413.0,31909.5,495000.0,0.007305,-8908,-1129,F,N,Cash loans
0,450000.0,225000.0,11250.0,225000.0,0.072508,-12844,-3274,M,Y,Revolving loans
0,193500.0,405000.0,20250.0,405000.0,0.031329,-14486,-752,F,Y,Revolving loans
0,153000.0,724581.0,30591.0,625500.0,0.022625,-8336,-591,M,N,Cash loans
0,90000.0,284400.0,16456.5,225000.0,0.025164,-24247,365243,F,N,Cash loans
0,225000.0,1324440.0,47700.0,1170000.0,0.019101,-12977,-2633,F,N,Cash loans
0,90000.0,675000.0,19737.0,675000.0,0.025164,-19761,-3200,F,N,Cash loans
0,45000.0,481495.5,32436.0,454500.0,0.030755,-22528,365243,F,N,Cash loans
0,225000.0,697500.0,32449.5,697500.0,0.04622,-14171,-5723,F,Y,Cash loans
0,135000.0,646920.0,20997.0,540000.0,0.025164,-17858,-5585,F,N,Cash loans
0,202500.0,584766.0,29988.0,472500.0,0.00496,-12226,-2187,M,Y,Cash loans
0,257850.0,679500.0,19867.5,679500.0,0.072508,-10584,-468,F,Y,Cash loans
0,225000.0,450000.0,30204.0,450000.0,0.026392,-15111,-1561,F,N,Cash loans
0,135000.0,225000.0,26703.0,225000.0,0.018209,-10871,-123,M,N,Cash loans
0,225000.0,239850.0,27189.0,225000.0,0.016612,-15254,-1601,M,N,Cash loans
0,67500.0,180000.0,9000.0,180000.0,0.015221,-10217,-1171,F,Y,Revolving loans
0,270000.0,517500.0,41017.5,517500.0,0.026392,-17388,-404,M,Y,Cash loans
0,202500.0,900000.0,45000.0,900000.0,0.031329,-14581,-1337,F,Y,Revolving loans
0,144000.0,1339884.0,39307.5,1170000.0,0.015221,-11827,-2507,F,N,Cash loans
0,135000.0,755190.0,32125.5,675000.0,0.00712,-14303,-7132,F,N,Cash loans
0,58500.0,157500.0,7875.0,202500.0,0.02461,-16171,-9597,F,N,Revolving loans
0,360000.0,582723.0,66033.0,553500.0,0.019101,-13017,-501,M,Y,Cash loans
0,90000.0,225000.0,10822.5,225000.0,0.018029,-11508,-1170,F,N,Cash loans
0,189000.0,900000.0,57519.0,900000.0,0.016612,-13343,-264,F,N,Cash loans
0,450000.0,855000.0,42750.0,855000.0,0.072508,-13121,-4611,M,N,Revolving loans
0,157500.0,270000.0,13500.0,270000.0,0.0088659999999999,-13718,-677,F,Y,Revolving loans
0,180000.0,456502.5,29956.5,423000.0,0.031329,-13861,-329,M,N,Cash loans
0,315000.0,1506816.0,49927.5,1350000.0,0.04622,-13476,-87,M,Y,Cash loans
0,315000.0,1096020.0,56092.5,900000.0,0.04622,-18398,-667,F,N,Cash loans
0,112500.0,260640.0,31059.0,225000.0,0.007114,-12814,-2241,F,N,Cash loans
0,54000.0,454500.0,20020.5,454500.0,0.025164,-18839,-2370,F,N,Cash loans
0,135000.0,781920.0,33259.5,675000.0,0.04622,-18941,-90,F,N,Cash loans
0,157500.0,640080.0,20227.5,450000.0,0.01885,-16660,-1831,F,N,Cash loans
0,225000.0,573408.0,20596.5,495000.0,0.02461,-23473,365243,F,N,Cash loans
0,315000.0,1350000.0,39604.5,1350000.0,0.018209,-15802,-1706,M,N,Cash loans
0,112500.0,315000.0,15750.0,315000.0,0.02461,-17978,-6222,F,N,Revolving loans
0,337500.0,670500.0,48919.5,670500.0,0.026392,-9251,-953,F,Y,Cash loans
0,202500.0,360000.0,23004.0,360000.0,0.028663,-20112,-3340,F,Y,Cash loans
0,315000.0,1649646.0,45495.0,1377000.0,0.0116569999999999,-20171,365243,F,Y,Cash loans
0,360000.0,270000.0,13500.0,270000.0,0.0116569999999999,-19117,-2442,M,N,Revolving loans
0,270000.0,810000.0,23814.0,810000.0,0.010006,-12385,-4475,M,Y,Cash loans
0,135000.0,343800.0,11304.0,225000.0,0.009334,-15653,-288,F,N,Cash loans
0,157500.0,848745.0,36090.0,675000.0,0.006207,-17309,-10147,F,N,Cash loans
0,112500.0,247500.0,13554.0,247500.0,0.026392,-8707,-985,M,Y,Cash loans
0,270000.0,808650.0,31333.5,675000.0,0.01885,-17416,-918,M,Y,Cash loans
0,225000.0,781920.0,23836.5,675000.0,0.072508,-19024,365243,F,N,Cash loans
0,112500.0,675000.0,19867.5,675000.0,0.019101,-18824,-3055,F,Y,Cash loans
0,67500.0,685012.5,33084.0,553500.0,0.002134,-12041,-3042,F,N,Cash loans
0,112500.0,270000.0,13500.0,270000.0,0.028663,-16085,-852,M,N,Revolving loans
0,270000.0,684706.5,33070.5,612000.0,0.035792,-17267,-1782,M,Y,Cash loans
0,67500.0,526491.0,17527.5,454500.0,0.006207,-19637,-12485,F,N,Cash loans
0,112500.0,1350000.0,39604.5,1350000.0,0.005144,-11581,-2054,F,N,Cash loans
0,225000.0,490495.5,47911.5,454500.0,0.020713,-18016,-3102,F,Y,Cash loans
0,135000.0,545040.0,26640.0,450000.0,0.00963,-11891,-890,M,N,Cash loans
0,36000.0,450000.0,16965.0,450000.0,0.0066709999999999,-11761,-3671,F,N,Cash loans
0,180000.0,497520.0,39438.0,450000.0,0.010966,-9545,-385,F,Y,Cash loans
0,135000.0,203760.0,22072.5,180000.0,0.007114,-11862,-1158,M,Y,Cash loans
0,157500.0,840996.0,24588.0,702000.0,0.035792,-19293,-6181,F,Y,Cash loans
0,90000.0,349258.5,17829.0,301500.0,0.031329,-21491,365243,F,N,Cash loans
0,157500.0,308461.5,15799.5,279000.0,0.0096569999999999,-17253,-324,F,N,Cash loans
0,144000.0,582804.0,29884.5,463500.0,0.00496,-19646,-2059,M,N,Cash loans
0,135000.0,199080.0,14557.5,157500.0,0.025164,-11118,-452,M,Y,Cash loans
0,157500.0,450000.0,35685.0,450000.0,0.018801,-11874,-187,F,N,Cash loans
0,157500.0,450000.0,30204.0,450000.0,0.018209,-11033,-603,M,Y,Cash loans
0,193500.0,805536.0,35613.0,720000.0,0.010147,-23473,365243,F,N,Cash loans
0,112500.0,225000.0,11250.0,225000.0,0.0105,-10071,-181,F,Y,Revolving loans
0,675000.0,1350000.0,67500.0,1350000.0,0.072508,-22680,365243,M,Y,Revolving loans
0,90000.0,536917.5,19413.0,463500.0,0.010966,-21038,-1376,M,N,Cash loans
0,94500.0,148500.0,8059.5,148500.0,0.02461,-21604,-2727,F,N,Cash loans
0,168750.0,450000.0,16164.0,450000.0,0.00963,-22171,365243,F,N,Cash loans
0,220500.0,641529.0,20826.0,535500.0,0.005144,-15776,-2922,F,N,Cash loans
0,67500.0,98910.0,7524.0,90000.0,0.00712,-21823,365243,F,N,Cash loans
0,225000.0,720000.0,36760.5,720000.0,0.015221,-10665,-1854,M,Y,Cash loans
0,382500.0,1800000.0,62568.0,1800000.0,0.0196889999999999,-16300,-3146,M,N,Cash loans
0,135000.0,675000.0,33750.0,675000.0,0.025164,-22156,365243,F,N,Revolving loans
0,67500.0,282690.0,12105.0,202500.0,0.010147,-16990,-1077,F,N,Cash loans
0,225000.0,971280.0,54364.5,900000.0,0.030755,-11489,-2715,F,N,Cash loans
0,180000.0,536917.5,16407.0,463500.0,0.00963,-18988,365243,F,N,Cash loans
0,157500.0,510853.5,24705.0,441000.0,0.018634,-23385,365243,F,N,Cash loans
0,90000.0,270000.0,13500.0,270000.0,0.011703,-20571,365243,F,N,Revolving loans
0,292500.0,1258650.0,53455.5,1125000.0,0.018634,-18906,-108,M,Y,Cash loans
0,382500.0,675000.0,53329.5,675000.0,0.010006,-11864,-1748,M,Y,Cash loans
0,90000.0,135000.0,9598.5,135000.0,0.007114,-20995,365243,M,N,Cash loans
0,180000.0,285453.0,15484.5,193500.0,0.010032,-16776,-1476,F,Y,Cash loans
0,112500.0,538704.0,26046.0,481500.0,0.009334,-9653,-1254,M,Y,Cash loans
0,112500.0,450000.0,17095.5,450000.0,0.0145199999999999,-19019,-4335,F,N,Cash loans
0,171000.0,755190.0,33264.0,675000.0,0.018029,-21537,-764,F,N,Cash loans
0,180000.0,270000.0,13500.0,270000.0,0.0035409999999999,-13969,-1242,F,N,Revolving loans
0,180000.0,755190.0,29947.5,675000.0,0.072508,-20233,365243,F,N,Cash loans
0,200250.0,1125000.0,47664.0,1125000.0,0.026392,-21632,-13447,M,N,Cash loans
0,112500.0,679500.0,26442.0,679500.0,0.006852,-20312,365243,M,Y,Cash loans
0,180000.0,1082214.0,31770.0,945000.0,0.022625,-23340,-2438,M,Y,Cash loans
0,157500.0,738945.0,31306.5,738945.0,0.0105,-19336,-8419,F,Y,Cash loans
0,144000.0,225000.0,16371.0,225000.0,0.030755,-14521,-3516,F,N,Cash loans
0,553500.0,2250000.0,59485.5,2250000.0,0.018209,-15131,-1896,M,Y,Cash loans
0,135000.0,314100.0,16164.0,225000.0,0.00712,-16224,-2006,M,N,Cash loans
0,135000.0,491031.0,36841.5,463500.0,0.030755,-12464,-1143,M,Y,Cash loans
0,216000.0,840996.0,29925.0,702000.0,0.00712,-17936,-575,M,Y,Cash loans
0,112500.0,292500.0,15997.5,292500.0,0.0145199999999999,-16116,-2089,M,N,Cash loans
0,180000.0,787131.0,26145.0,679500.0,0.008019,-23550,365243,F,N,Cash loans
0,67500.0,71316.0,4770.0,63000.0,0.018209,-19047,-3682,F,N,Cash loans
0,90000.0,269550.0,21739.5,225000.0,0.035792,-11573,-1540,M,Y,Cash loans
0,157500.0,643500.0,18571.5,643500.0,0.026392,-10347,-678,M,Y,Cash loans
0,157500.0,395766.0,20205.0,283500.0,0.04622,-15693,-2966,F,Y,Cash loans
0,108000.0,852088.5,33921.0,688500.0,0.01885,-21376,365243,F,N,Cash loans
0,90000.0,495000.0,21100.5,495000.0,0.018209,-20152,365243,F,N,Cash loans
0,157500.0,314100.0,16573.5,225000.0,0.005144,-11403,-2363,M,Y,Cash loans
0,90000.0,900000.0,26446.5,900000.0,0.018029,-13919,-2222,F,N,Cash loans
0,112500.0,366768.0,29106.0,324000.0,0.016612,-10294,-272,F,N,Cash loans
0,90000.0,450000.0,20979.0,450000.0,0.032561,-17148,-699,F,N,Cash loans
0,112500.0,640080.0,31261.5,450000.0,0.006852,-15528,-1968,M,Y,Cash loans
0,90000.0,156384.0,16969.5,135000.0,0.035792,-12052,-159,M,N,Cash loans
0,126000.0,450000.0,24543.0,450000.0,0.015221,-21457,-1646,M,Y,Cash loans
0,171000.0,487971.0,49378.5,463500.0,0.01885,-18101,-3015,F,N,Cash loans
0,135000.0,592560.0,26230.5,450000.0,0.022625,-11576,-1397,M,N,Cash loans
0,315000.0,953460.0,64107.0,900000.0,0.019101,-15342,-452,F,N,Cash loans
0,180000.0,180000.0,9000.0,180000.0,0.031329,-8406,-291,F,N,Revolving loans
0,135000.0,521280.0,28408.5,450000.0,0.0084739999999999,-14666,-1476,M,N,Cash loans
0,180000.0,254700.0,26743.5,225000.0,0.0116569999999999,-10824,-1655,M,Y,Cash loans
0,166500.0,450000.0,44509.5,450000.0,0.00733,-20823,-2563,F,N,Cash loans
0,270000.0,942300.0,34749.0,675000.0,0.04622,-20091,-223,F,N,Cash loans
0,135000.0,337500.0,16875.0,337500.0,0.014464,-19360,365243,F,N,Revolving loans
0,81000.0,477000.0,14076.0,477000.0,0.028663,-15012,-7924,F,Y,Cash loans
0,112500.0,547344.0,23319.0,472500.0,0.020246,-19454,-3619,F,Y,Cash loans
0,180000.0,1288350.0,37800.0,1125000.0,0.006233,-13322,-321,F,N,Cash loans
0,135000.0,135000.0,6750.0,135000.0,0.00823,-13701,-474,F,N,Revolving loans
0,112500.0,328500.0,17964.0,328500.0,0.0145199999999999,-23654,365243,F,N,Cash loans
0,135000.0,252000.0,19908.0,252000.0,0.0088659999999999,-9959,-988,F,N,Cash loans
0,126000.0,675000.0,24376.5,675000.0,0.0145199999999999,-17390,-1313,F,N,Cash loans
0,135000.0,675000.0,36643.5,675000.0,0.028663,-19774,-442,F,Y,Cash loans
0,112500.0,1125000.0,33025.5,1125000.0,0.018209,-21174,365243,F,N,Cash loans
0,225000.0,1125000.0,32895.0,1125000.0,0.022625,-21779,365243,M,Y,Cash loans
0,315000.0,170640.0,9922.5,135000.0,0.028663,-10093,-373,M,Y,Cash loans
0,180000.0,397881.0,26716.5,328500.0,0.006629,-10474,-1808,F,Y,Cash loans
0,202500.0,1561500.0,63729.0,1561500.0,0.011703,-9771,-2596,M,Y,Cash loans
0,315000.0,578979.0,49693.5,517500.0,0.04622,-12456,-913,M,Y,Cash loans
0,103500.0,634500.0,35428.5,634500.0,0.010276,-23162,365243,M,N,Cash loans
0,247500.0,364500.0,28926.0,364500.0,0.006852,-10288,-1702,F,N,Cash loans
0,405000.0,900000.0,45000.0,900000.0,0.011703,-20450,-3,M,N,Revolving loans
0,90000.0,135000.0,6750.0,135000.0,0.016612,-8013,-153,F,N,Revolving loans
0,270000.0,360000.0,13711.5,360000.0,0.011703,-11271,-800,M,Y,Cash loans
0,180000.0,384048.0,18810.0,270000.0,0.032561,-15586,-5215,M,N,Cash loans
0,90000.0,1086786.0,35190.0,778500.0,0.031329,-11842,-2144,F,Y,Cash loans
0,112500.0,900000.0,26446.5,900000.0,0.028663,-14192,-3178,F,N,Cash loans
0,103500.0,1293502.5,37948.5,1129500.0,0.031329,-17029,-1046,M,N,Cash loans
0,121500.0,315000.0,25015.5,315000.0,0.018209,-9978,-1838,M,N,Cash loans
0,270000.0,1325475.0,56290.5,1125000.0,0.035792,-21842,-4611,F,Y,Cash loans
0,157500.0,440784.0,32071.5,360000.0,0.018801,-11098,-1804,F,N,Cash loans
0,810000.0,503266.5,52978.5,463500.0,0.025164,-16061,-2663,F,Y,Cash loans
0,247500.0,900000.0,57519.0,900000.0,0.009334,-9499,-485,F,Y,Cash loans
0,81000.0,157500.0,11457.0,157500.0,0.015221,-11978,-2780,F,N,Cash loans
0,90000.0,302341.5,13446.0,261000.0,0.019101,-23726,365243,F,N,Cash loans
0,148500.0,746280.0,44568.0,675000.0,0.016612,-15291,-3779,F,Y,Cash loans
0,56250.0,91692.0,9063.0,81000.0,0.020713,-24576,365243,F,N,Cash loans
0,112500.0,337500.0,16875.0,337500.0,0.0145199999999999,-17830,-8015,M,Y,Revolving loans
0,382500.0,654736.5,63913.5,603000.0,0.04622,-11579,-1161,F,N,Cash loans
0,135000.0,678456.0,18787.5,486000.0,0.014464,-17308,-376,F,N,Cash loans
0,117000.0,540000.0,39294.0,540000.0,0.00733,-19742,-3136,F,N,Cash loans
0,157500.0,263686.5,27976.5,238500.0,0.04622,-10943,-563,F,N,Cash loans
0,360000.0,841500.0,42966.0,841500.0,0.010006,-13015,-1071,M,Y,Cash loans
0,202500.0,1762110.0,48456.0,1575000.0,0.032561,-19528,-5175,M,Y,Cash loans
0,135000.0,450000.0,21888.0,450000.0,0.020713,-10649,-2004,F,N,Cash loans
0,180000.0,1018930.5,62334.0,963000.0,0.010147,-8833,-682,M,Y,Cash loans
0,153000.0,225000.0,12334.5,225000.0,0.026392,-9334,-401,F,Y,Cash loans
0,225000.0,1002870.0,42619.5,922500.0,0.02461,-17065,-3884,M,N,Cash loans
0,202500.0,1288350.0,41562.0,1125000.0,0.04622,-18097,-2099,F,N,Cash loans
0,315000.0,319500.0,12172.5,319500.0,0.018209,-19597,-1320,M,Y,Cash loans
0,225000.0,1762110.0,48586.5,1575000.0,0.018801,-13310,-1046,M,Y,Cash loans
0,261000.0,288873.0,18936.0,238500.0,0.006629,-17731,-5827,F,N,Cash loans
0,81000.0,418500.0,15907.5,418500.0,0.030755,-19169,-4098,F,N,Cash loans
0,315000.0,1483231.5,45099.0,1354500.0,0.020713,-21797,-1538,M,Y,Cash loans
0,202500.0,649462.5,28606.5,580500.0,0.01885,-23773,365243,M,N,Cash loans
0,112500.0,343800.0,16155.0,225000.0,0.035792,-19372,-1387,M,Y,Cash loans
0,157500.0,219042.0,12703.5,193500.0,0.001417,-23991,365243,F,N,Cash loans
0,207000.0,728460.0,38938.5,675000.0,0.00963,-22299,365243,F,N,Cash loans
0,76500.0,91692.0,9859.5,81000.0,0.010006,-17835,365243,M,Y,Cash loans
0,112500.0,343800.0,13090.5,225000.0,0.008019,-21935,365243,F,N,Cash loans
0,99000.0,313438.5,20160.0,283500.0,0.035792,-9559,-1201,F,N,Cash loans
0,90000.0,227520.0,8172.0,180000.0,0.035792,-23044,365243,F,N,Cash loans
0,360000.0,592560.0,31153.5,450000.0,0.072508,-10334,-1253,M,N,Cash loans
0,180000.0,225000.0,22383.0,225000.0,0.020713,-13683,-4074,F,N,Cash loans
0,135000.0,540000.0,23008.5,540000.0,0.028663,-23044,365243,F,N,Cash loans
0,337500.0,323460.0,24313.5,270000.0,0.04622,-12757,-2576,M,Y,Cash loans
0,157500.0,533304.0,20997.0,405000.0,0.02461,-10798,-107,M,Y,Cash loans
0,225000.0,1096020.0,59589.0,900000.0,0.025164,-10308,-1395,M,N,Cash loans
0,99000.0,687600.0,18265.5,450000.0,0.0228,-13609,-456,F,Y,Cash loans
0,112500.0,545040.0,26640.0,450000.0,0.025164,-14731,-834,F,N,Cash loans
0,135000.0,247500.0,12375.0,247500.0,0.0228,-12740,-1411,F,N,Revolving loans
0,270000.0,810000.0,32251.5,810000.0,0.015221,-12903,-3782,F,Y,Cash loans
0,225000.0,450000.0,22500.0,450000.0,0.0228,-14293,-448,F,Y,Revolving loans
0,405000.0,273636.0,21748.5,247500.0,0.001276,-10574,-1031,F,Y,Cash loans
0,270000.0,545040.0,26509.5,450000.0,0.009549,-19355,365243,F,N,Cash loans
0,112500.0,288873.0,14179.5,238500.0,0.00712,-11627,-1097,F,N,Cash loans
0,180598.5,135000.0,12622.5,135000.0,0.028663,-8543,-218,M,Y,Cash loans
0,112500.0,765522.0,28255.5,639000.0,0.0031219999999999,-17088,-2535,F,N,Cash loans
0,135000.0,1546020.0,45202.5,1350000.0,0.010006,-9700,-151,F,N,Cash loans
0,427500.0,1339884.0,36846.0,1170000.0,0.00823,-20133,-13182,F,Y,Cash loans
0,112500.0,566055.0,17352.0,472500.0,0.018634,-18507,-7420,F,N,Cash loans
0,112500.0,900000.0,23742.0,900000.0,0.015221,-13333,-602,F,N,Cash loans
0,108000.0,306000.0,11470.5,306000.0,0.028663,-18624,-724,F,N,Cash loans
0,90000.0,90000.0,9351.0,90000.0,0.019101,-22768,365243,M,N,Cash loans
0,135000.0,536917.5,19413.0,463500.0,0.072508,-20160,365243,F,N,Cash loans
0,157500.0,855657.0,43816.5,751500.0,0.020246,-12342,-3394,F,N,Cash loans
0,180000.0,528633.0,35599.5,472500.0,0.020713,-12498,-4273,M,Y,Cash loans
0,292500.0,545040.0,36423.0,450000.0,0.0060079999999999,-12669,-814,M,N,Cash loans
0,171000.0,582228.0,22558.5,486000.0,0.0066709999999999,-19654,-2076,M,N,Cash loans
0,144000.0,191880.0,18688.5,180000.0,0.0196889999999999,-21429,-842,F,N,Cash loans
0,90000.0,188685.0,17433.0,157500.0,0.002134,-9111,-557,M,Y,Cash loans
0,135000.0,959598.0,28188.0,801000.0,0.004849,-11534,-4595,M,Y,Cash loans
0,202500.0,297130.5,15300.0,256500.0,0.0066709999999999,-10342,-271,M,Y,Cash loans
0,135000.0,407520.0,32197.5,360000.0,0.04622,-14838,-1681,F,N,Cash loans
0,315000.0,2160000.0,65488.5,2160000.0,0.026392,-13231,-2785,F,Y,Cash loans
0,225000.0,225000.0,11250.0,225000.0,0.0196889999999999,-18033,-564,F,N,Revolving loans
0,90000.0,225000.0,8698.5,225000.0,0.00496,-10809,-537,F,N,Cash loans
0,135000.0,545040.0,34830.0,450000.0,0.00963,-15756,-2888,F,Y,Cash loans
0,270000.0,953460.0,66487.5,900000.0,0.0196889999999999,-21399,365243,F,Y,Cash loans
0,180000.0,331632.0,35847.0,315000.0,0.009334,-14967,-7645,M,N,Cash loans
0,202500.0,180000.0,9000.0,180000.0,0.022625,-13958,-813,M,Y,Revolving loans
0,103500.0,540000.0,35046.0,540000.0,0.026392,-9584,-431,M,N,Cash loans
0,31500.0,157500.0,15705.0,157500.0,0.018209,-24678,365243,F,N,Cash loans
0,112500.0,270000.0,13500.0,270000.0,0.035792,-8223,-346,F,Y,Revolving loans
0,126000.0,358074.0,18409.5,256500.0,0.035792,-16391,-1244,F,N,Cash loans
0,90000.0,384048.0,14607.0,270000.0,0.010966,-12821,-155,M,Y,Cash loans
0,45000.0,133528.5,8824.5,121500.0,0.009175,-23768,365243,F,N,Cash loans
0,76500.0,247500.0,12375.0,247500.0,0.020246,-20768,365243,F,N,Revolving loans
0,202500.0,405000.0,20250.0,405000.0,0.025164,-20469,365243,F,N,Revolving loans
0,90000.0,198000.0,15772.5,198000.0,0.028663,-19338,-2876,F,N,Cash loans
0,427500.0,1649376.0,51916.5,1350000.0,0.072508,-15737,-8158,M,Y,Cash loans
0,427500.0,1574532.0,66843.0,1350000.0,0.018801,-15372,-2146,F,N,Cash loans
0,135000.0,505066.5,28332.0,468000.0,0.072508,-22358,365243,F,N,Cash loans
0,175500.0,276277.5,21510.0,238500.0,0.00496,-9826,-1717,M,N,Cash loans
0,216000.0,289597.5,14062.5,234000.0,0.018634,-22715,365243,F,N,Cash loans
0,202500.0,973503.0,39780.0,855000.0,0.008575,-9149,-721,F,N,Cash loans
0,54000.0,177768.0,11002.5,135000.0,0.011703,-14865,-1566,F,N,Cash loans
0,180000.0,1489500.0,41089.5,1489500.0,0.015221,-8541,-589,M,Y,Cash loans
0,112500.0,755190.0,36459.0,675000.0,0.0060079999999999,-15745,-2761,M,Y,Cash loans
0,225000.0,582804.0,31747.5,463500.0,0.04622,-12493,-1655,M,Y,Cash loans
0,76500.0,343800.0,12348.0,225000.0,0.072508,-24010,365243,F,N,Cash loans
0,112500.0,454500.0,21865.5,454500.0,0.030755,-14849,-430,F,N,Cash loans
0,292500.0,907029.0,30105.0,783000.0,0.022625,-17173,-2933,F,Y,Cash loans
0,135000.0,170640.0,9657.0,135000.0,0.019101,-20894,-2059,M,Y,Cash loans
0,171000.0,481495.5,32436.0,454500.0,0.018634,-22039,365243,F,N,Cash loans
0,90000.0,254700.0,18454.5,225000.0,0.009175,-19655,-1697,F,N,Cash loans
0,112500.0,450000.0,22500.0,450000.0,0.0035409999999999,-18276,-278,M,N,Revolving loans
0,135000.0,1164667.5,34182.0,1017000.0,0.0096569999999999,-15795,-1686,F,N,Cash loans
0,112500.0,679500.0,27076.5,679500.0,0.006305,-20064,-800,F,N,Cash loans
0,405000.0,1125000.0,36292.5,1125000.0,0.020246,-12153,-74,M,N,Cash loans
0,180000.0,755190.0,32125.5,675000.0,0.009175,-24331,365243,F,N,Cash loans
0,112500.0,808650.0,26217.0,675000.0,0.00823,-19178,-591,F,N,Cash loans
0,180000.0,1350000.0,43681.5,1350000.0,0.001276,-14189,-2919,M,N,Cash loans
0,270000.0,1350000.0,39604.5,1350000.0,0.026392,-13923,-2213,F,N,Cash loans
0,171000.0,1006920.0,51543.0,900000.0,0.030755,-18581,-2192,M,N,Cash loans
0,90000.0,270000.0,13500.0,270000.0,0.025164,-9687,-213,F,N,Revolving loans
0,157500.0,544491.0,17563.5,454500.0,0.035792,-15552,-1341,M,Y,Cash loans
0,180000.0,366588.0,33750.0,306000.0,0.032561,-9653,-469,M,Y,Cash loans
0,157500.0,594121.5,28710.0,472500.0,0.009175,-16884,-2706,F,Y,Cash loans
0,180000.0,1078200.0,34911.0,900000.0,0.019101,-16427,-2306,F,Y,Cash loans
0,157500.0,1129500.0,47853.0,1129500.0,0.026392,-14143,365243,F,N,Cash loans
0,135000.0,301464.0,17437.5,238500.0,0.011703,-20120,-4004,F,N,Cash loans
0,450000.0,521280.0,23553.0,450000.0,0.00733,-20370,-1543,M,N,Cash loans
0,431478.0,3150000.0,79632.0,3150000.0,0.018634,-17355,-2361,M,N,Cash loans
0,67500.0,139405.5,7560.0,94500.0,0.0096569999999999,-10349,-1245,F,N,Cash loans
0,90000.0,117000.0,13360.5,117000.0,0.0145199999999999,-18040,-1204,F,Y,Cash loans
0,112500.0,122256.0,13099.5,108000.0,0.015221,-23189,365243,F,N,Cash loans
0,112500.0,517500.0,15259.5,517500.0,0.015221,-14775,-98,F,Y,Cash loans
0,225000.0,1350000.0,67500.0,1350000.0,0.02461,-18622,-2154,M,N,Revolving loans
0,112500.0,381528.0,18684.0,315000.0,0.030755,-20362,-990,M,N,Cash loans
0,157500.0,550980.0,40221.0,450000.0,0.028663,-10628,-1813,M,N,Cash loans
0,157500.0,285723.0,21492.0,238500.0,0.035792,-23094,365243,F,N,Cash loans
0,112500.0,646920.0,19044.0,540000.0,0.00712,-17100,-1676,F,N,Cash loans
0,135000.0,526491.0,23188.5,454500.0,0.025164,-22179,365243,M,N,Cash loans
0,450000.0,553581.0,35379.0,472500.0,0.032561,-15975,-953,F,N,Cash loans
0,112500.0,225000.0,22383.0,225000.0,0.0228,-24773,365243,M,N,Cash loans
0,157500.0,270000.0,13500.0,270000.0,0.018801,-13987,-1208,F,N,Revolving loans
0,270000.0,900000.0,23872.5,900000.0,0.026392,-14303,-3668,M,Y,Cash loans
0,103500.0,364896.0,25524.0,315000.0,0.01885,-21840,365243,F,N,Cash loans
0,128250.0,436360.5,35113.5,373500.0,0.002134,-11798,-2234,M,N,Cash loans
0,225000.0,765000.0,22495.5,765000.0,0.018801,-18256,-941,M,Y,Cash loans
0,157500.0,598500.0,15916.5,598500.0,0.030755,-9621,-1769,F,N,Cash loans
0,193500.0,679500.0,36333.0,679500.0,0.028663,-19827,-1658,F,N,Cash loans
0,225000.0,270000.0,13500.0,270000.0,0.04622,-15366,-457,M,Y,Revolving loans
0,90000.0,573628.5,24435.0,463500.0,0.035792,-16830,-6413,F,Y,Cash loans
0,126000.0,497520.0,39438.0,450000.0,0.0031219999999999,-17153,-673,M,Y,Cash loans
0,130500.0,225000.0,17775.0,225000.0,0.0031219999999999,-18436,365243,F,N,Cash loans
0,90000.0,135000.0,12622.5,135000.0,0.0084739999999999,-11502,-412,M,N,Cash loans
0,67500.0,85320.0,3195.0,67500.0,0.072508,-21969,365243,F,N,Cash loans
0,99000.0,202500.0,10125.0,202500.0,0.010556,-9235,-1007,M,Y,Revolving loans
0,202500.0,490005.0,33277.5,423000.0,0.02461,-18293,-791,M,N,Cash loans
0,225000.0,1988667.0,52591.5,1777500.0,0.072508,-21581,-8326,F,N,Cash loans
0,121500.0,247275.0,17338.5,225000.0,0.031329,-22835,365243,F,N,Cash loans
0,225000.0,540000.0,15606.0,540000.0,0.0228,-21666,365243,F,N,Cash loans
0,225000.0,971280.0,51876.0,900000.0,0.030755,-21799,-468,M,Y,Cash loans
0,180000.0,828000.0,42408.0,828000.0,0.026392,-13111,-2093,F,N,Cash loans
0,292500.0,417024.0,21964.5,360000.0,0.022625,-13312,-3128,M,Y,Cash loans
0,112500.0,714154.5,36594.0,616500.0,0.002134,-11946,-404,M,N,Cash loans
0,135000.0,247275.0,19548.0,225000.0,0.022625,-9194,-771,M,N,Cash loans
0,90000.0,450000.0,27193.5,450000.0,0.031329,-16920,-846,F,N,Cash loans
0,121500.0,180000.0,9000.0,180000.0,0.0196889999999999,-10082,-1477,M,Y,Revolving loans
0,76500.0,518562.0,25078.5,463500.0,0.010556,-12718,-1544,F,N,Cash loans
0,225000.0,1350000.0,52825.5,1350000.0,0.006207,-9821,-820,M,Y,Cash loans
0,157500.0,540000.0,26109.0,540000.0,0.01885,-18794,-2073,M,N,Cash loans
0,90000.0,331632.0,30816.0,315000.0,0.025164,-25045,365243,F,N,Cash loans
0,157500.0,592560.0,30384.0,450000.0,0.0116569999999999,-17500,-395,F,N,Cash loans
0,90000.0,328405.5,16897.5,283500.0,0.003813,-10213,-324,F,N,Cash loans
0,112500.0,373140.0,24934.5,337500.0,0.018801,-8452,-778,M,Y,Cash loans
0,225000.0,163098.0,16128.0,153000.0,0.002042,-23460,365243,M,Y,Cash loans
0,189000.0,790830.0,62482.5,675000.0,0.006629,-8704,-228,F,N,Cash loans
0,135000.0,308133.0,14409.0,234000.0,0.00702,-22218,-922,M,N,Cash loans
0,72000.0,288873.0,11020.5,238500.0,0.020246,-9260,-579,F,Y,Cash loans
0,157500.0,1762110.0,46480.5,1575000.0,0.003813,-20082,-4178,M,Y,Cash loans
0,189000.0,225000.0,18040.5,225000.0,0.022625,-10329,-1068,M,Y,Cash loans
0,135000.0,781920.0,25101.0,675000.0,0.007114,-20029,365243,M,Y,Cash loans
0,270000.0,450000.0,48595.5,450000.0,0.010556,-10783,-2886,F,Y,Cash loans
0,135000.0,629325.0,29290.5,562500.0,0.006296,-23429,365243,M,Y,Cash loans
0,315000.0,1507869.0,45846.0,1377000.0,0.072508,-14728,-6303,F,Y,Cash loans
0,180000.0,521280.0,41926.5,450000.0,0.0105,-10110,-1796,M,Y,Cash loans
0,101250.0,157500.0,7875.0,157500.0,0.018801,-20255,365243,F,N,Revolving loans
0,247500.0,1724220.0,45612.0,1350000.0,0.04622,-23523,365243,F,N,Cash loans
0,202500.0,270000.0,14647.5,270000.0,0.01885,-10059,-2435,F,N,Cash loans
0,270000.0,521280.0,31630.5,450000.0,0.026392,-10134,-1863,F,N,Cash loans
0,99000.0,229230.0,15448.5,202500.0,0.00963,-8727,-552,F,N,Cash loans
0,135000.0,417024.0,25330.5,360000.0,0.00733,-15151,-766,F,N,Cash loans
0,135000.0,1223010.0,48631.5,1125000.0,0.030755,-22099,-10184,F,N,Cash loans
0,103500.0,175896.0,9108.0,126000.0,0.018801,-18988,-7611,F,N,Cash loans
0,180000.0,315000.0,13342.5,315000.0,0.010966,-16926,-5282,F,N,Cash loans
0,202500.0,1006920.0,40063.5,900000.0,0.019101,-11221,-2786,M,N,Cash loans
0,99000.0,239850.0,23850.0,225000.0,0.0228,-21968,365243,F,N,Cash loans
0,180000.0,942300.0,26041.5,675000.0,0.0196889999999999,-15971,-3110,F,N,Cash loans
0,180000.0,278613.0,18270.0,252000.0,0.022625,-15348,-2048,M,N,Cash loans
0,193500.0,407520.0,25060.5,360000.0,0.010966,-21934,365243,F,N,Cash loans
0,675000.0,479700.0,51790.5,450000.0,0.032561,-12767,-3898,M,Y,Cash loans
0,67500.0,299772.0,16866.0,247500.0,0.015221,-17520,-1837,F,N,Cash loans
0,126000.0,286704.0,26424.0,247500.0,0.00702,-15007,-2177,F,N,Cash loans
0,112500.0,407727.0,29799.0,333000.0,0.035792,-8196,-192,M,Y,Cash loans
0,315000.0,640080.0,31261.5,450000.0,0.006629,-11978,-2792,M,Y,Cash loans
0,292500.0,835605.0,29605.5,697500.0,0.0228,-12859,-844,M,Y,Cash loans
0,157500.0,270000.0,13500.0,270000.0,0.02461,-15561,-136,F,Y,Revolving loans
0,157500.0,480060.0,23476.5,337500.0,0.0196889999999999,-12108,-202,M,Y,Cash loans
0,157500.0,337500.0,14994.0,337500.0,0.018209,-18809,-259,F,N,Cash loans
0,135000.0,536917.5,32103.0,463500.0,0.008575,-8407,-1490,M,Y,Cash loans
0,315000.0,1569051.0,54540.0,1354500.0,0.018801,-11125,-269,F,N,Cash loans
0,72000.0,808650.0,23643.0,675000.0,0.018634,-15770,-1691,F,N,Cash loans
0,135000.0,304933.5,24088.5,225000.0,0.030755,-13786,-327,F,Y,Cash loans
0,135000.0,247275.0,22810.5,225000.0,0.0072739999999999,-15881,-1361,F,N,Cash loans
0,135000.0,728460.0,38808.0,675000.0,0.018029,-23643,365243,F,N,Cash loans
0,144000.0,352044.0,13401.0,247500.0,0.010643,-14064,-3308,F,Y,Cash loans
0,180000.0,755190.0,54616.5,675000.0,0.032561,-17725,-451,F,N,Cash loans
0,67500.0,225000.0,9531.0,225000.0,0.01885,-18842,-5532,F,Y,Cash loans
0,157500.0,553500.0,17982.0,553500.0,0.026392,-19755,-1465,F,N,Cash loans
0,121500.0,197820.0,13896.0,180000.0,0.035792,-24200,365243,F,N,Cash loans
0,225000.0,525735.0,36589.5,450000.0,0.072508,-21196,365243,F,N,Cash loans
0,261000.0,675000.0,53329.5,675000.0,0.005313,-16334,-1804,M,Y,Cash loans
0,90000.0,270000.0,19332.0,270000.0,0.0116569999999999,-19933,-1442,F,N,Cash loans
0,135000.0,592560.0,22090.5,450000.0,0.0096569999999999,-13136,-575,M,Y,Cash loans
0,225000.0,270000.0,15498.0,270000.0,0.010006,-16542,-5213,F,N,Cash loans
0,180000.0,1026922.5,40095.0,886500.0,0.035792,-15934,-3448,M,N,Cash loans
0,81000.0,508495.5,22396.5,454500.0,0.028663,-22465,365243,F,N,Cash loans
0,135000.0,450000.0,22018.5,450000.0,0.026392,-15234,-758,M,Y,Cash loans
0,292500.0,2013840.0,55377.0,1800000.0,0.072508,-17384,-3305,F,N,Cash loans
0,270000.0,1215000.0,35653.5,1215000.0,0.0145199999999999,-17666,-3083,M,Y,Cash loans
0,405000.0,1356133.5,44950.5,1215000.0,0.008625,-20712,-8961,M,Y,Cash loans
0,63000.0,354519.0,23265.0,328500.0,0.00823,-20542,365243,F,Y,Cash loans
0,112500.0,654498.0,24385.5,585000.0,0.035792,-24381,365243,F,N,Cash loans
0,63000.0,508495.5,20164.5,454500.0,0.020246,-22919,365243,M,N,Cash loans
0,292500.0,283500.0,15507.0,283500.0,0.028663,-12109,-4519,M,N,Cash loans
0,112500.0,545040.0,20677.5,450000.0,0.032561,-20840,365243,F,N,Cash loans
0,157500.0,790830.0,57676.5,675000.0,0.020713,-13694,-452,F,Y,Cash loans
0,103500.0,450000.0,35685.0,450000.0,0.028663,-14602,-1294,F,N,Cash loans
0,67500.0,202500.0,10125.0,202500.0,0.00712,-11443,-1113,F,N,Revolving loans
0,157500.0,195543.0,12091.5,148500.0,0.035792,-15308,-1675,M,Y,Cash loans
0,157500.0,1125000.0,50314.5,1125000.0,0.026392,-22914,365243,F,N,Cash loans
0,360000.0,343800.0,13090.5,225000.0,0.0060079999999999,-16465,-4406,M,Y,Cash loans
0,90000.0,276277.5,12298.5,238500.0,0.00702,-15505,-1783,F,N,Cash loans
0,225000.0,1094688.0,39451.5,945000.0,0.006852,-17855,-6177,F,Y,Cash loans
0,225000.0,640080.0,31261.5,450000.0,0.018801,-14461,-1062,M,Y,Cash loans
0,157500.0,1185282.0,34785.0,1035000.0,0.032561,-19582,-283,F,N,Cash loans
0,108000.0,260640.0,20299.5,225000.0,0.025164,-8111,-1361,F,N,Cash loans
0,202500.0,875749.5,34083.0,756000.0,0.006629,-14249,-1109,M,Y,Cash loans
0,112500.0,1078200.0,38331.0,900000.0,0.019101,-10549,-676,M,Y,Cash loans
0,67500.0,444420.0,18958.5,337500.0,0.0196889999999999,-12226,-1043,F,N,Cash loans
0,81000.0,180000.0,9000.0,180000.0,0.003813,-8596,-502,F,N,Revolving loans
0,171000.0,630000.0,32296.5,630000.0,0.0116569999999999,-23013,365243,F,N,Cash loans
0,67500.0,490495.5,26757.0,454500.0,0.072508,-16663,365243,F,Y,Cash loans
0,45000.0,284400.0,13257.0,225000.0,0.019101,-10996,-774,F,N,Cash loans
0,67500.0,324000.0,22680.0,324000.0,0.018209,-22035,365243,F,N,Cash loans
0,301500.0,1223010.0,51948.0,1125000.0,0.018801,-21336,365243,F,N,Cash loans
0,81000.0,553806.0,30172.5,495000.0,0.018029,-8133,-212,F,N,Cash loans
0,180000.0,945000.0,31360.5,945000.0,0.026392,-17660,-6587,F,N,Cash loans
0,157500.0,416052.0,20367.0,292500.0,0.04622,-15156,-113,F,N,Cash loans
0,247500.0,675000.0,29731.5,675000.0,0.025164,-14563,-4234,F,Y,Cash loans
0,54000.0,900000.0,26446.5,900000.0,0.014464,-20716,365243,F,N,Cash loans
0,202500.0,1335285.0,56704.5,1215000.0,0.005084,-15092,-3974,F,Y,Cash loans
0,135000.0,807984.0,26833.5,697500.0,0.010032,-17519,-3415,F,N,Cash loans
0,67500.0,457834.5,21474.0,378000.0,0.020246,-10278,365243,F,N,Cash loans
0,135000.0,808650.0,26086.5,675000.0,0.010643,-14739,-965,M,Y,Cash loans
0,247500.0,225000.0,8082.0,225000.0,0.025164,-18386,365243,M,Y,Cash loans
0,54000.0,540000.0,17419.5,540000.0,0.018209,-12388,-1077,F,Y,Cash loans
0,216000.0,595903.5,27742.5,481500.0,0.025164,-14761,-8158,F,N,Cash loans
0,301500.0,549882.0,15120.0,459000.0,0.010032,-16609,-928,F,N,Cash loans
0,135000.0,315000.0,15750.0,315000.0,0.010966,-16911,-4071,F,N,Revolving loans
0,135000.0,604152.0,26608.5,540000.0,0.0088659999999999,-13991,-4115,F,N,Cash loans
0,180000.0,302076.0,23377.5,270000.0,0.02461,-14615,-934,F,N,Cash loans
0,180000.0,518562.0,22099.5,463500.0,0.020713,-19865,-1793,F,N,Cash loans
0,135000.0,239850.0,22788.0,225000.0,0.019101,-18377,-3468,M,Y,Cash loans
0,67500.0,755190.0,36459.0,675000.0,0.025164,-14201,-2175,M,Y,Cash loans
0,72000.0,553806.0,26770.5,495000.0,0.028663,-22358,365243,F,N,Cash loans
0,225000.0,1436850.0,42142.5,1125000.0,0.019101,-20737,-878,F,N,Cash loans
0,162000.0,755190.0,36459.0,675000.0,0.010006,-13926,-182,M,N,Cash loans
0,135000.0,325908.0,17811.0,247500.0,0.0196889999999999,-11658,-1885,F,N,Cash loans
0,225000.0,675000.0,21906.0,675000.0,0.026392,-17077,-398,M,Y,Cash loans
0,103500.0,203760.0,16227.0,180000.0,0.030755,-11156,-965,M,Y,Cash loans
0,180000.0,522814.5,56434.5,481500.0,0.010006,-20783,365243,F,N,Cash loans
0,180000.0,675000.0,32602.5,675000.0,0.011703,-17109,-9949,F,N,Cash loans
0,360000.0,592560.0,31153.5,450000.0,0.020713,-13400,-2166,M,N,Cash loans
0,157500.0,585000.0,21622.5,585000.0,0.00702,-19542,-180,M,Y,Cash loans
0,94500.0,273636.0,15835.5,247500.0,0.010966,-15191,-2098,F,N,Cash loans
0,270000.0,427500.0,21375.0,427500.0,0.009549,-20509,365243,F,N,Revolving loans
0,180000.0,247500.0,12766.5,247500.0,0.00496,-14386,-4690,F,N,Cash loans
0,202500.0,450000.0,23107.5,450000.0,0.0038179999999999,-21204,365243,F,N,Cash loans
0,315000.0,1477863.0,95688.0,1395000.0,0.019101,-16124,-3164,F,Y,Cash loans
0,180000.0,225000.0,16371.0,225000.0,0.04622,-11031,-326,F,N,Cash loans
0,157500.0,746280.0,58963.5,675000.0,0.018029,-15396,-1724,F,N,Cash loans
0,99000.0,47970.0,4873.5,45000.0,0.030755,-13881,-4229,F,N,Cash loans
0,67500.0,202500.0,10125.0,202500.0,0.003813,-22596,365243,F,Y,Revolving loans
0,180000.0,405000.0,20250.0,405000.0,0.005002,-16333,-8807,F,N,Revolving loans
0,175500.0,450000.0,27193.5,450000.0,0.035792,-17947,-1220,M,Y,Cash loans
0,112500.0,521280.0,31630.5,450000.0,0.035792,-13487,-2955,F,N,Cash loans
0,135000.0,755190.0,36459.0,675000.0,0.035792,-12060,-3806,F,Y,Cash loans
0,202500.0,625500.0,20308.5,625500.0,0.026392,-16669,-9207,F,N,Cash loans
0,135000.0,240660.0,8775.0,157500.0,0.035792,-22979,365243,F,N,Cash loans
0,126000.0,263686.5,15138.0,238500.0,0.030755,-23756,365243,M,Y,Cash loans
0,202500.0,614574.0,23814.0,513000.0,0.04622,-10048,-561,M,N,Cash loans
0,180000.0,381528.0,14512.5,315000.0,0.035792,-20611,-1205,F,N,Cash loans
0,135000.0,265851.0,21132.0,229500.0,0.0228,-14993,-1906,M,Y,Cash loans
0,90000.0,180000.0,9000.0,180000.0,0.015221,-12199,-1377,F,N,Revolving loans
0,157500.0,265851.0,17766.0,229500.0,0.009175,-14066,-595,F,N,Cash loans
0,148500.0,961146.0,34182.0,688500.0,0.011703,-17773,-3921,F,N,Cash loans
0,157500.0,135000.0,6750.0,135000.0,0.010147,-13785,-1339,F,Y,Revolving loans
0,63000.0,900000.0,26446.5,900000.0,0.00702,-13755,-1851,F,N,Cash loans
0,72000.0,597024.0,43573.5,540000.0,0.018634,-16793,-74,F,Y,Cash loans
0,180000.0,569398.5,41562.0,486000.0,0.04622,-21499,-1504,M,Y,Cash loans
0,292500.0,790830.0,62613.0,675000.0,0.0196889999999999,-13153,-991,M,Y,Cash loans
0,67500.0,891072.0,35469.0,720000.0,0.0066709999999999,-17795,-1424,F,Y,Cash loans
0,270000.0,1528200.0,53248.5,1350000.0,0.0116569999999999,-10499,-3068,M,Y,Cash loans
0,675000.0,239850.0,23850.0,225000.0,0.0038179999999999,-25117,365243,M,Y,Cash loans
0,54000.0,360000.0,20664.0,360000.0,0.00963,-14718,-6252,F,N,Cash loans
0,157500.0,450000.0,22018.5,450000.0,0.010643,-11717,-451,F,N,Cash loans
0,202500.0,1223010.0,51948.0,1125000.0,0.00496,-15678,-1695,M,N,Cash loans
0,225000.0,835380.0,42840.0,675000.0,0.006305,-9312,-600,M,N,Cash loans
0,90000.0,900000.0,26446.5,900000.0,0.0228,-19423,-230,M,Y,Cash loans
0,270000.0,1467612.0,56029.5,1350000.0,0.011703,-23373,-14619,F,N,Cash loans
0,135000.0,497520.0,31923.0,450000.0,0.00496,-19750,-10346,F,N,Cash loans
0,225000.0,1223010.0,51948.0,1125000.0,0.02461,-22991,365243,M,N,Cash loans
0,126000.0,370107.0,17932.5,319500.0,0.035792,-23035,365243,F,N,Cash loans
0,225000.0,1288350.0,37669.5,1125000.0,0.0066709999999999,-12108,-5150,F,N,Cash loans
0,157500.0,509922.0,27297.0,472500.0,0.015221,-19232,-1943,F,Y,Cash loans
0,180000.0,1288350.0,41692.5,1125000.0,0.04622,-11577,-2580,F,Y,Cash loans
0,103500.0,90000.0,10152.0,90000.0,0.025164,-20311,365243,F,Y,Cash loans
0,180000.0,592560.0,35937.0,450000.0,0.007114,-9748,-1800,M,Y,Cash loans
0,162000.0,831730.5,30006.0,702000.0,0.0196889999999999,-23677,365243,F,N,Cash loans
0,247500.0,852088.5,33921.0,688500.0,0.0084739999999999,-16050,-2272,F,Y,Cash loans
0,157500.0,900000.0,46084.5,900000.0,0.026392,-21280,365243,F,N,Cash loans
0,81000.0,416052.0,15813.0,292500.0,0.009334,-16133,-2638,F,N,Cash loans
0,180000.0,180000.0,9000.0,180000.0,0.072508,-9776,-546,F,N,Revolving loans
0,67500.0,202500.0,10125.0,202500.0,0.010147,-22652,365243,F,N,Revolving loans
0,90000.0,405000.0,20808.0,405000.0,0.0145199999999999,-18961,-9955,M,N,Cash loans
0,337500.0,477000.0,46597.5,477000.0,0.018209,-9601,-733,F,N,Cash loans
0,135000.0,1293502.5,35698.5,1129500.0,0.025164,-20701,365243,F,N,Cash loans
0,112500.0,1125000.0,44748.0,1125000.0,0.015221,-21195,-3913,F,N,Cash loans
0,112500.0,508495.5,24592.5,454500.0,0.01885,-18100,-3438,F,N,Cash loans
0,112500.0,269550.0,13891.5,225000.0,0.025164,-8328,-1037,F,N,Cash loans
0,157500.0,1078200.0,29781.0,900000.0,0.0088659999999999,-9535,-153,M,Y,Cash loans
0,135000.0,607500.0,31149.0,607500.0,0.0145199999999999,-11220,-2981,M,N,Cash loans
0,135000.0,182016.0,10291.5,144000.0,0.010147,-24412,365243,F,N,Cash loans
0,135000.0,364896.0,19939.5,315000.0,0.00496,-15059,-235,F,N,Cash loans
0,171000.0,276277.5,11835.0,238500.0,0.025164,-22946,-2670,M,N,Cash loans
0,202500.0,314100.0,13963.5,225000.0,0.010966,-20884,365243,F,N,Cash loans
0,234000.0,1288350.0,37800.0,1125000.0,0.008625,-15967,-252,M,Y,Cash loans
0,144000.0,942300.0,27549.0,675000.0,0.018801,-16568,-4269,F,N,Cash loans
0,157500.0,573628.5,24435.0,463500.0,0.04622,-18546,-3162,F,N,Cash loans
0,81000.0,225000.0,10620.0,225000.0,0.030755,-8690,-2052,F,N,Cash loans
0,99252.0,521280.0,35491.5,450000.0,0.010966,-15534,-2034,F,N,Cash loans
0,135000.0,354276.0,21226.5,292500.0,0.009334,-10061,-604,M,Y,Cash loans
0,56250.0,239850.0,23494.5,225000.0,0.0196889999999999,-23913,365243,F,N,Cash loans
0,146250.0,1255680.0,41625.0,1125000.0,0.031329,-22510,-1357,F,N,Cash loans
0,144000.0,189000.0,9319.5,189000.0,0.025164,-9245,-529,M,Y,Cash loans
0,360000.0,270000.0,13500.0,270000.0,0.031329,-11211,-3746,F,N,Revolving loans
0,315000.0,270000.0,25375.5,270000.0,0.031329,-15483,-1198,M,Y,Cash loans
0,135000.0,942300.0,30528.0,675000.0,0.035792,-10778,-2348,F,N,Cash loans
0,378000.0,868806.0,89154.0,810000.0,0.010147,-12322,-2488,M,Y,Cash loans
0,45000.0,276277.5,15115.5,238500.0,0.031329,-19876,365243,M,N,Cash loans
0,94500.0,1024740.0,52452.0,900000.0,0.018029,-17036,365243,F,N,Cash loans
0,72000.0,139500.0,13927.5,139500.0,0.009549,-14042,-7002,F,N,Cash loans
0,202500.0,956574.0,38065.5,855000.0,0.008019,-19231,-1023,F,N,Cash loans
0,99000.0,225000.0,22383.0,225000.0,0.032561,-12409,-2186,F,N,Cash loans
0,180000.0,675000.0,24799.5,675000.0,0.019101,-16815,-1888,F,N,Cash loans
0,112500.0,547344.0,32724.0,472500.0,0.00702,-17641,-3125,F,N,Cash loans
0,67500.0,273636.0,27193.5,247500.0,0.025164,-12174,-2873,F,Y,Cash loans
0,99000.0,71955.0,7749.0,67500.0,0.028663,-10971,-932,F,N,Cash loans
0,225000.0,983299.5,41791.5,904500.0,0.072508,-22694,365243,M,Y,Cash loans
0,135000.0,472500.0,20016.0,472500.0,0.00712,-14263,-1079,F,N,Cash loans
0,180000.0,1485000.0,39303.0,1485000.0,0.0035409999999999,-20674,365243,F,N,Cash loans
0,270000.0,273636.0,27747.0,247500.0,0.032561,-15563,-2080,F,N,Cash loans
0,225000.0,675000.0,33750.0,675000.0,0.04622,-9351,-1173,M,N,Revolving loans
0,180000.0,119448.0,9567.0,94500.0,0.022625,-11066,-3565,M,Y,Cash loans
0,81000.0,241618.5,24025.5,229500.0,0.018634,-15906,-8693,F,N,Cash loans
0,90000.0,498384.0,51066.0,459000.0,0.019101,-19565,-1487,F,Y,Cash loans
0,90000.0,824823.0,29353.5,688500.0,0.010966,-14340,-274,M,N,Cash loans
0,202500.0,1282500.0,37629.0,1282500.0,0.035792,-14452,-712,M,Y,Cash loans
0,157500.0,284256.0,30744.0,270000.0,0.011703,-12613,-1999,M,Y,Cash loans
0,225000.0,1206954.0,39064.5,945000.0,0.04622,-15037,-3012,M,N,Cash loans
0,270000.0,760500.0,35370.0,760500.0,0.026392,-14554,-6174,F,Y,Cash loans
0,135000.0,592560.0,28638.0,450000.0,0.008068,-19061,-3920,F,Y,Cash loans
0,157500.0,448056.0,16222.5,315000.0,0.022625,-16197,-5255,F,N,Cash loans
0,157500.0,450000.0,22500.0,450000.0,0.022625,-16977,-3723,F,N,Revolving loans
0,135000.0,454500.0,20151.0,454500.0,0.0145199999999999,-20575,365243,F,N,Cash loans
0,157500.0,583834.5,29938.5,504000.0,0.0088659999999999,-12057,-1018,F,Y,Cash loans
0,135000.0,518562.0,25078.5,463500.0,0.0228,-10894,-925,F,N,Cash loans
0,202500.0,1096020.0,46566.0,900000.0,0.020713,-11584,-387,F,Y,Cash loans
0,99000.0,234369.0,17185.5,193500.0,0.035792,-22181,-14413,F,N,Cash loans
0,112500.0,286704.0,18450.0,247500.0,0.00733,-19313,-6508,M,N,Cash loans
0,180000.0,1288350.0,37800.0,1125000.0,0.030755,-19850,-1753,M,N,Cash loans
0,225000.0,198000.0,12654.0,198000.0,0.014464,-20285,-845,M,Y,Cash loans
0,180000.0,358213.5,28300.5,324000.0,0.006852,-10981,-1146,M,N,Cash loans
0,135000.0,297000.0,25618.5,297000.0,0.028663,-9647,-1238,M,N,Cash loans
0,90000.0,258709.5,16974.0,234000.0,0.018634,-12219,-3625,F,N,Cash loans
0,36000.0,942300.0,30528.0,675000.0,0.035792,-23110,365243,M,N,Cash loans
0,81000.0,320040.0,12195.0,225000.0,0.00712,-23005,365243,F,N,Cash loans
0,112500.0,450000.0,30073.5,450000.0,0.028663,-10115,-88,F,N,Cash loans
0,157500.0,1350000.0,39604.5,1350000.0,0.0145199999999999,-23465,-5157,F,N,Cash loans
0,144000.0,152820.0,14886.0,135000.0,0.010006,-21268,365243,F,N,Cash loans
0,180000.0,540000.0,27000.0,540000.0,0.028663,-10586,-656,F,Y,Revolving loans
0,63000.0,544491.0,16047.0,454500.0,0.0060079999999999,-21830,365243,F,Y,Cash loans
0,247500.0,835380.0,40320.0,675000.0,0.020713,-10860,-1297,M,Y,Cash loans
0,225000.0,743031.0,39586.5,688500.0,0.008575,-8740,-1098,M,N,Cash loans
0,81000.0,71955.0,8667.0,67500.0,0.019101,-12101,-308,F,N,Cash loans
0,103500.0,961146.0,28233.0,688500.0,0.00712,-10748,-2707,M,Y,Cash loans
0,112500.0,674635.5,26883.0,603000.0,0.020246,-20421,365243,F,Y,Cash loans
0,202500.0,518562.0,34924.5,463500.0,0.0196889999999999,-20730,-12348,F,N,Cash loans
0,180000.0,835380.0,40320.0,675000.0,0.0088659999999999,-14915,-685,M,N,Cash loans
0,67500.0,239850.0,23850.0,225000.0,0.018634,-18114,-11342,F,N,Cash loans
0,112500.0,787131.0,26145.0,679500.0,0.0196889999999999,-20635,365243,F,N,Cash loans
0,112500.0,225000.0,8613.0,225000.0,0.0196889999999999,-16032,-234,F,Y,Cash loans
0,171000.0,1535553.0,40635.0,1372500.0,0.008575,-18476,-717,M,N,Cash loans
0,360000.0,935640.0,88965.0,900000.0,0.018634,-21823,365243,F,N,Cash loans
0,315000.0,675000.0,34290.0,675000.0,0.009175,-11133,-898,M,N,Cash loans
0,135000.0,337500.0,16875.0,337500.0,0.020246,-22438,365243,F,N,Revolving loans
0,63000.0,253737.0,17086.5,229500.0,0.00712,-11260,-1894,F,Y,Cash loans
0,157500.0,733500.0,37579.5,733500.0,0.018209,-11334,-1145,F,Y,Cash loans
0,157500.0,258709.5,25717.5,234000.0,0.035792,-12767,-793,F,N,Cash loans
0,202500.0,450000.0,24412.5,450000.0,0.031329,-9006,-2027,F,N,Cash loans
0,270000.0,454500.0,23337.0,454500.0,0.018209,-14577,-6212,M,Y,Cash loans
0,180000.0,1078200.0,31653.0,900000.0,0.020713,-12540,-1066,F,N,Cash loans
0,225000.0,1546020.0,40914.0,1350000.0,0.00702,-17583,-641,F,Y,Cash loans
0,162000.0,382500.0,19125.0,382500.0,0.003069,-12407,-4885,M,Y,Revolving loans
0,90000.0,531706.5,31792.5,459000.0,0.01885,-14680,-2146,F,N,Cash loans
0,252900.0,765000.0,38250.0,765000.0,0.018634,-15114,-4222,F,N,Revolving loans
0,99000.0,307944.0,34875.0,292500.0,0.014464,-12969,-1405,F,Y,Cash loans
0,112500.0,900000.0,24750.0,900000.0,0.015221,-12952,-6199,M,N,Cash loans
0,135000.0,180000.0,9000.0,180000.0,0.0116569999999999,-13632,-368,M,N,Revolving loans
0,135000.0,135000.0,6750.0,135000.0,0.030755,-7833,-639,F,N,Revolving loans
0,135000.0,215640.0,15466.5,180000.0,0.030755,-14685,-7885,F,N,Cash loans
0,202500.0,900000.0,35824.5,900000.0,0.025164,-12839,-160,M,Y,Cash loans
0,135000.0,247500.0,19282.5,247500.0,0.0066709999999999,-17423,-780,M,Y,Cash loans
0,198000.0,900000.0,26316.0,900000.0,0.002042,-19110,-4389,F,N,Cash loans
0,135000.0,813195.0,43456.5,702000.0,0.04622,-19488,365243,F,N,Cash loans
0,135000.0,468733.5,22927.5,387000.0,0.008575,-20920,-721,M,Y,Cash loans
0,180000.0,418743.0,33214.5,342000.0,0.0228,-8823,-236,F,Y,Cash loans
0,247500.0,562491.0,23962.5,454500.0,0.014464,-22332,365243,F,N,Cash loans
0,247500.0,846517.5,35995.5,684000.0,0.04622,-19292,-1841,F,N,Cash loans
0,126000.0,104256.0,10683.0,90000.0,0.022625,-12825,-4451,F,Y,Cash loans
0,157500.0,918468.0,30483.0,697500.0,0.00963,-21556,-7018,F,N,Cash loans
0,180000.0,521280.0,28408.5,450000.0,0.018634,-8774,-236,M,Y,Cash loans
0,67500.0,297130.5,15300.0,256500.0,0.010147,-17691,-2022,F,N,Cash loans
0,135000.0,835605.0,24561.0,697500.0,0.025164,-15532,-356,F,Y,Cash loans
0,81000.0,835380.0,40320.0,675000.0,0.020713,-9555,-2306,F,N,Cash loans
0,112500.0,227493.0,14836.5,207000.0,0.022625,-24922,365243,F,N,Cash loans
0,135000.0,755190.0,36459.0,675000.0,0.025164,-12133,-814,F,N,Cash loans
0,135000.0,679500.0,45594.0,679500.0,0.009549,-15625,365243,F,N,Cash loans
0,225000.0,835380.0,36927.0,675000.0,0.032561,-20350,365243,F,N,Cash loans
0,382500.0,1354500.0,37377.0,1354500.0,0.020713,-14350,-3115,M,N,Cash loans
0,54000.0,675000.0,21775.5,675000.0,0.008019,-22976,365243,F,N,Cash loans
0,135000.0,270000.0,13500.0,270000.0,0.019101,-18877,-1779,M,Y,Revolving loans
0,450000.0,1024740.0,49297.5,900000.0,0.00733,-11233,-531,M,N,Cash loans
0,202500.0,284400.0,13963.5,225000.0,0.025164,-11718,-929,F,Y,Cash loans
0,135000.0,254700.0,14350.5,225000.0,0.025164,-23880,-1421,F,N,Cash loans
0,90000.0,199467.0,15790.5,166500.0,0.019101,-12441,-3877,M,N,Cash loans
0,135000.0,405000.0,20250.0,405000.0,0.0145199999999999,-20770,-237,F,N,Revolving loans
0,157500.0,1066608.0,32467.5,810000.0,0.004849,-12209,-2201,M,Y,Cash loans
0,119700.0,270000.0,13500.0,270000.0,0.006852,-22220,-435,M,Y,Revolving loans
0,270000.0,274500.0,21816.0,274500.0,0.015221,-14057,-1772,M,Y,Cash loans
0,112500.0,540000.0,26109.0,540000.0,0.028663,-13993,-1697,M,N,Cash loans
0,72000.0,348264.0,22671.0,315000.0,0.007114,-8823,-373,F,N,Cash loans
0,135000.0,1056447.0,34209.0,922500.0,0.006233,-16964,-250,F,N,Cash loans
0,135000.0,545040.0,26640.0,450000.0,0.0066709999999999,-14206,-572,F,N,Cash loans
0,202500.0,450000.0,25128.0,450000.0,0.010276,-10475,-620,F,Y,Cash loans
0,328500.0,619965.0,18256.5,517500.0,0.019101,-21047,365243,F,N,Cash loans
0,225000.0,614574.0,16897.5,513000.0,0.031329,-10594,-127,M,Y,Cash loans
0,135000.0,675000.0,27621.0,675000.0,0.026392,-13397,-6053,F,N,Cash loans
0,180000.0,1288350.0,37800.0,1125000.0,0.030755,-10295,-855,F,Y,Cash loans
0,112500.0,166500.0,18913.5,166500.0,0.018209,-13737,-2380,F,N,Cash loans
0,202500.0,675000.0,21906.0,675000.0,0.020246,-15779,-730,F,N,Cash loans
0,247500.0,1040463.0,30550.5,868500.0,0.018634,-13614,-5774,M,Y,Cash loans
0,121500.0,1724220.0,47412.0,1350000.0,0.028663,-22662,365243,F,N,Cash loans
0,135000.0,417024.0,22752.0,360000.0,0.00702,-20074,-1659,M,Y,Cash loans
0,85050.0,900000.0,23872.5,900000.0,0.035792,-10710,-1449,F,N,Cash loans
0,202500.0,225000.0,24363.0,225000.0,0.035792,-12793,-3881,M,Y,Cash loans
0,90000.0,348826.5,17847.0,288000.0,0.025164,-10106,-1016,F,Y,Cash loans
0,99000.0,622413.0,33894.0,495000.0,0.035792,-22844,365243,F,N,Cash loans
0,135000.0,152820.0,15241.5,135000.0,0.00712,-20026,-934,F,N,Cash loans
0,180000.0,436032.0,21208.5,360000.0,0.031329,-17389,-2304,M,Y,Cash loans
0,180000.0,343377.0,16006.5,283500.0,0.025164,-16422,-4032,M,Y,Cash loans
0,450000.0,1971072.0,68643.0,1800000.0,0.072508,-13618,-1397,F,N,Cash loans
0,135000.0,1078200.0,34911.0,900000.0,0.035792,-21182,365243,F,N,Cash loans
0,292500.0,450000.0,22018.5,450000.0,0.004849,-12462,-2264,F,Y,Cash loans
0,67500.0,450000.0,21888.0,450000.0,0.00733,-12687,-1997,F,N,Cash loans
0,306000.0,1246500.0,40342.5,1246500.0,0.026392,-21758,-10215,F,N,Cash loans
0,112500.0,491031.0,36841.5,463500.0,0.018634,-13145,-173,F,N,Cash loans
0,112500.0,382500.0,16848.0,382500.0,0.025164,-9354,-914,F,N,Cash loans
0,315000.0,675000.0,52366.5,675000.0,0.026392,-16110,-1215,M,Y,Cash loans
0,292500.0,270000.0,13500.0,270000.0,0.008575,-14971,-1629,M,N,Revolving loans
0,189000.0,495000.0,25272.0,495000.0,0.002042,-20067,-2503,F,N,Cash loans
0,99000.0,314100.0,16573.5,225000.0,0.025164,-10978,-4295,F,N,Cash loans
0,202500.0,900000.0,38263.5,900000.0,0.031329,-14809,-4319,M,Y,Cash loans
0,67500.0,180000.0,9000.0,180000.0,0.008575,-9038,-1288,F,N,Revolving loans
0,126000.0,239850.0,23719.5,225000.0,0.02461,-18190,365243,M,N,Cash loans
0,126000.0,270000.0,13500.0,270000.0,0.008575,-14539,-1761,F,N,Revolving loans
0,180000.0,152820.0,16047.0,135000.0,0.007114,-18158,-1143,M,N,Cash loans
0,135000.0,450000.0,30442.5,450000.0,0.030755,-16229,-2351,M,N,Cash loans
0,202500.0,675000.0,21906.0,675000.0,0.018209,-12059,-696,F,N,Cash loans
0,139500.0,651960.0,24705.0,450000.0,0.020246,-12513,-5339,F,Y,Cash loans
0,40500.0,61128.0,6084.0,54000.0,0.035792,-23444,365243,F,N,Cash loans
0,112500.0,188685.0,13549.5,157500.0,0.003813,-20216,-6183,F,Y,Cash loans
0,157500.0,351792.0,17055.0,252000.0,0.003813,-21198,365243,F,Y,Cash loans
0,247500.0,269550.0,13761.0,225000.0,0.0116569999999999,-12901,-998,M,Y,Cash loans
0,112500.0,284400.0,19134.0,225000.0,0.018634,-10000,-1637,M,Y,Cash loans
0,112500.0,315000.0,15750.0,315000.0,0.010556,-13260,-341,F,N,Revolving loans
0,306000.0,536917.5,19413.0,463500.0,0.00496,-15204,-4751,F,N,Cash loans
0,225000.0,509400.0,37197.0,450000.0,0.018801,-12737,-1136,M,Y,Cash loans
0,202500.0,765000.0,49594.5,765000.0,0.026392,-10212,-224,F,Y,Cash loans
0,148500.0,114682.5,12478.5,99000.0,0.022625,-12938,-540,M,Y,Cash loans
0,157500.0,202500.0,10125.0,202500.0,0.015221,-20986,-700,M,Y,Revolving loans
0,67500.0,810000.0,23814.0,810000.0,0.0145199999999999,-13519,-3000,F,N,Cash loans
0,90000.0,417024.0,16231.5,360000.0,0.030755,-23725,365243,F,N,Cash loans
0,135000.0,180000.0,9000.0,180000.0,0.0084739999999999,-7915,-229,M,Y,Revolving loans
0,171000.0,1180899.0,46962.0,1012500.0,0.020246,-20845,365243,F,N,Cash loans
0,238500.0,1223010.0,48631.5,1125000.0,0.011703,-14491,-1691,F,N,Cash loans
0,157500.0,137538.0,13527.0,121500.0,0.01885,-24214,365243,F,N,Cash loans
0,180000.0,675000.0,32472.0,675000.0,0.0116569999999999,-10153,-765,F,N,Cash loans
0,337500.0,500211.0,30730.5,463500.0,0.020713,-19997,-7911,F,N,Cash loans
0,337500.0,900000.0,28390.5,900000.0,0.026392,-12697,-3889,M,Y,Cash loans
0,270000.0,2517300.0,102658.5,2250000.0,0.072508,-17567,-8268,F,N,Cash loans
0,112500.0,808650.0,26217.0,675000.0,0.00496,-22061,365243,F,N,Cash loans
0,81000.0,270000.0,13500.0,270000.0,0.028663,-14071,-577,F,N,Revolving loans
0,126000.0,180000.0,9000.0,180000.0,0.0088659999999999,-11469,-2715,F,N,Revolving loans
0,157500.0,500490.0,52686.0,450000.0,0.01885,-21598,365243,M,N,Cash loans
0,360000.0,473760.0,49878.0,450000.0,0.003069,-12711,-1259,M,Y,Cash loans
0,225000.0,728460.0,37849.5,675000.0,0.01885,-13265,-2032,M,Y,Cash loans
0,157500.0,101880.0,5976.0,90000.0,0.01885,-15826,-194,M,Y,Cash loans
0,1575000.0,1800000.0,49500.0,1800000.0,0.04622,-17898,-5206,M,Y,Cash loans
0,90000.0,45000.0,5076.0,45000.0,0.020246,-11393,-172,F,N,Cash loans
0,180000.0,835380.0,42840.0,675000.0,0.019101,-19566,-2062,M,Y,Cash loans
0,112500.0,270000.0,13500.0,270000.0,0.0196889999999999,-13658,-5296,M,N,Revolving loans
0,238500.0,1249740.0,66712.5,1125000.0,0.010147,-17394,-3724,M,Y,Cash loans
0,135000.0,722394.0,28120.5,603000.0,0.020246,-18283,-123,M,Y,Cash loans
0,157500.0,1006920.0,39933.0,900000.0,0.006296,-19481,-458,F,N,Cash loans
0,180000.0,592560.0,35937.0,450000.0,0.003813,-15542,-3588,M,N,Cash loans
0,103500.0,247500.0,12375.0,247500.0,0.005313,-21368,365243,F,N,Revolving loans
0,90000.0,675000.0,21775.5,675000.0,0.0066709999999999,-13593,-2355,F,Y,Cash loans
0,450000.0,225000.0,12915.0,225000.0,0.072508,-15904,-3001,M,Y,Cash loans
0,148500.0,312768.0,13905.0,270000.0,0.010006,-22668,-2794,F,N,Cash loans
0,270000.0,1288350.0,37800.0,1125000.0,0.0088659999999999,-16500,-1718,F,Y,Cash loans
0,180000.0,382500.0,19125.0,382500.0,0.020713,-19559,-8316,F,Y,Revolving loans
0,112500.0,755190.0,30078.0,675000.0,0.009334,-21990,365243,M,Y,Cash loans
0,112500.0,254700.0,14350.5,225000.0,0.0072739999999999,-23906,-13738,F,N,Cash loans
0,117000.0,193500.0,11236.5,193500.0,0.010032,-24283,365243,F,N,Cash loans
0,202500.0,454500.0,20151.0,454500.0,0.018209,-22419,365243,F,N,Cash loans
0,189000.0,454500.0,44275.5,454500.0,0.009334,-17135,-93,F,N,Cash loans
0,135000.0,90000.0,9549.0,90000.0,0.025164,-10473,-2882,F,N,Cash loans
0,90000.0,284400.0,13833.0,225000.0,0.016612,-10823,-34,M,Y,Cash loans
0,121500.0,454500.0,26221.5,454500.0,0.009175,-17849,-9732,F,N,Cash loans
0,54000.0,101880.0,11101.5,90000.0,0.028663,-13044,-1416,F,N,Cash loans
0,103500.0,495000.0,15966.0,495000.0,0.015221,-16114,-154,F,N,Cash loans
0,193500.0,533668.5,20457.0,477000.0,0.04622,-11784,-577,F,N,Cash loans
0,189000.0,459549.0,51979.5,436500.0,0.002042,-9969,-1118,F,Y,Cash loans
0,247500.0,900000.0,35824.5,900000.0,0.032561,-14984,-3068,M,Y,Cash loans
0,180000.0,381528.0,24970.5,315000.0,0.007114,-14135,-2940,F,N,Cash loans
0,315000.0,239850.0,25830.0,225000.0,0.011703,-12279,-3121,F,Y,Cash loans
0,247500.0,332473.5,21645.0,274500.0,0.00496,-13789,-1474,F,Y,Cash loans
0,202500.0,337500.0,16875.0,337500.0,0.035792,-18601,-1864,M,N,Revolving loans
0,157500.0,1345500.0,39469.5,1345500.0,0.01885,-17755,-183,F,N,Cash loans
0,90000.0,1056636.0,31023.0,882000.0,0.028663,-16804,-4056,F,N,Cash loans
0,112500.0,291915.0,18801.0,252000.0,0.009549,-22451,365243,F,N,Cash loans
0,135000.0,805500.0,23548.5,805500.0,0.014464,-13250,-2274,F,Y,Cash loans
0,180000.0,675000.0,40324.5,675000.0,0.035792,-12348,-2743,F,N,Cash loans
0,135000.0,2013840.0,55507.5,1800000.0,0.016612,-22419,-165,M,N,Cash loans
0,257850.0,254700.0,14350.5,225000.0,0.0228,-14957,-3012,F,Y,Cash loans
0,45000.0,344043.0,27310.5,297000.0,0.00712,-9944,-29,F,N,Cash loans
0,112500.0,225000.0,13045.5,225000.0,0.028663,-23911,365243,F,N,Cash loans
0,225000.0,1288350.0,37669.5,1125000.0,0.022625,-19442,-4625,F,N,Cash loans
0,270000.0,1782000.0,62068.5,1782000.0,0.026392,-13783,-1224,F,Y,Cash loans
0,225000.0,375367.5,40554.0,337500.0,0.010032,-13214,-3538,M,Y,Cash loans
0,135000.0,283585.5,20677.5,256500.0,0.0196889999999999,-23510,365243,F,N,Cash loans
0,180000.0,1125000.0,47664.0,1125000.0,0.018029,-20528,365243,M,Y,Cash loans
0,292500.0,284400.0,22599.0,225000.0,0.072508,-8374,-590,M,Y,Cash loans
0,135000.0,219042.0,23130.0,193500.0,0.0060079999999999,-12748,-2171,F,N,Cash loans
0,124200.0,254700.0,14620.5,225000.0,0.026392,-21513,365243,F,N,Cash loans
0,112500.0,71955.0,8136.0,67500.0,0.005313,-18989,-768,M,Y,Cash loans
0,180000.0,545040.0,26509.5,450000.0,0.020713,-15844,-810,F,N,Cash loans
0,135000.0,545040.0,26640.0,450000.0,0.01885,-17419,-1075,F,N,Cash loans
0,58500.0,49455.0,4095.0,45000.0,0.026392,-11279,-597,M,N,Cash loans
0,202500.0,261000.0,8482.5,261000.0,0.072508,-20327,-3204,F,N,Cash loans
0,180000.0,180000.0,9000.0,180000.0,0.0105,-13982,-1049,M,Y,Revolving loans
0,81000.0,225000.0,11488.5,225000.0,0.010966,-19391,-10923,F,N,Cash loans
0,198000.0,1666746.0,45963.0,1305000.0,0.0072739999999999,-21648,-6637,F,N,Cash loans
0,81000.0,444420.0,20592.0,337500.0,0.018801,-14236,-4291,F,N,Cash loans
0,112500.0,808650.0,24601.5,675000.0,0.032561,-16911,-2226,F,N,Cash loans
0,54000.0,373311.0,19674.0,283500.0,0.010276,-17208,-123,F,Y,Cash loans
0,159880.5,585000.0,22279.5,585000.0,0.005084,-9196,-653,M,N,Cash loans
0,112500.0,562500.0,18274.5,562500.0,0.026392,-22681,365243,F,N,Cash loans
0,67500.0,203760.0,19980.0,180000.0,0.025164,-19921,-4765,F,N,Cash loans
0,225000.0,481500.0,38043.0,481500.0,0.00733,-21640,365243,F,N,Cash loans
0,202500.0,675000.0,44298.0,675000.0,0.010556,-12260,-2018,M,Y,Cash loans
0,225000.0,2013840.0,55507.5,1800000.0,0.010032,-14052,-5431,M,Y,Cash loans
0,144000.0,669591.0,24178.5,508500.0,0.005313,-16825,-1459,F,N,Cash loans
0,105750.0,672453.0,22351.5,580500.0,0.0196889999999999,-19220,-1760,F,N,Cash loans
0,112500.0,122256.0,7146.0,108000.0,0.072508,-24074,365243,M,N,Cash loans
0,450000.0,1347759.0,93933.0,1291500.0,0.008019,-14524,-2998,M,Y,Cash loans
0,765000.0,900000.0,55192.5,900000.0,0.030755,-12197,-1194,M,Y,Cash loans
0,157500.0,1231272.0,36130.5,882000.0,0.072508,-19336,-12418,F,N,Cash loans
0,270000.0,1515415.5,41800.5,1354500.0,0.04622,-16484,-4574,F,N,Cash loans
0,112500.0,1078200.0,31653.0,900000.0,0.020246,-15202,-5341,F,N,Cash loans
0,225000.0,1024740.0,55719.0,900000.0,0.020713,-9964,-1341,F,N,Cash loans
0,225000.0,808650.0,31464.0,675000.0,0.00712,-13481,-2528,M,N,Cash loans
0,135000.0,781920.0,50148.0,675000.0,0.035792,-12994,-1330,M,Y,Cash loans
0,270000.0,473760.0,44523.0,450000.0,0.04622,-23617,365243,F,N,Cash loans
0,99000.0,270000.0,13500.0,270000.0,0.031329,-21122,365243,F,N,Revolving loans
0,85500.0,433188.0,16461.0,283500.0,0.006852,-22579,365243,F,N,Cash loans
0,180000.0,180000.0,9000.0,180000.0,0.032561,-10725,-622,M,N,Revolving loans
0,90000.0,189621.0,11016.0,144000.0,0.008625,-19768,-12677,F,N,Cash loans
0,62653.5,270000.0,18382.5,270000.0,0.010966,-19658,-320,F,N,Cash loans
0,117000.0,152820.0,15241.5,135000.0,0.020713,-20797,-8637,F,N,Cash loans
0,175500.0,227520.0,17973.0,180000.0,0.018209,-11818,-2332,M,Y,Cash loans
0,121500.0,270000.0,13500.0,270000.0,0.0196889999999999,-11450,-1550,M,N,Revolving loans
0,89100.0,239850.0,23494.5,225000.0,0.0105,-24833,-3425,F,N,Cash loans
0,270000.0,1345500.0,44464.5,1345500.0,0.02461,-13631,-1585,F,Y,Cash loans
0,126000.0,390960.0,23755.5,337500.0,0.010276,-19168,-129,F,N,Cash loans
0,202500.0,152820.0,16344.0,135000.0,0.018801,-15631,-567,M,Y,Cash loans
0,157500.0,840951.0,33480.0,679500.0,0.018209,-14529,-7842,M,Y,Cash loans
0,202500.0,1105600.5,43974.0,1017000.0,0.0196889999999999,-10697,-479,F,N,Cash loans
0,135000.0,263686.5,24529.5,238500.0,0.022625,-9584,-644,F,N,Cash loans
0,180000.0,549000.0,17707.5,549000.0,0.028663,-17429,-10224,F,N,Cash loans
0,202500.0,545040.0,26640.0,450000.0,0.032561,-18147,-1012,M,Y,Cash loans
0,90000.0,675000.0,22068.0,675000.0,0.018209,-10767,-127,M,N,Cash loans
0,135000.0,1061599.5,31171.5,927000.0,0.016612,-12334,-460,F,Y,Cash loans
0,90000.0,781695.0,25344.0,652500.0,0.010276,-14078,-116,F,N,Cash loans
0,112500.0,225000.0,12694.5,225000.0,0.026392,-24011,365243,F,N,Cash loans
0,81000.0,720000.0,23926.5,720000.0,0.00712,-12020,-202,F,N,Cash loans
0,202500.0,900000.0,34875.0,900000.0,0.015221,-15292,-2027,M,N,Cash loans
0,135000.0,679500.0,28917.0,679500.0,0.007114,-18772,365243,F,N,Cash loans
0,103500.0,269550.0,11871.0,225000.0,0.035792,-19853,-5327,F,N,Cash loans
0,202500.0,787500.0,20902.5,787500.0,0.006207,-16337,-6485,F,N,Cash loans
0,85500.0,270000.0,13500.0,270000.0,0.035792,-16457,-945,M,N,Revolving loans
0,180000.0,438493.5,19444.5,333000.0,0.010147,-16339,-3511,F,Y,Cash loans
0,157500.0,550980.0,43659.0,450000.0,0.020713,-22379,365243,F,N,Cash loans
0,310500.0,1227901.5,48825.0,1129500.0,0.0116569999999999,-16408,-3771,F,N,Cash loans
0,67500.0,158301.0,16924.5,148500.0,0.020713,-20376,365243,F,N,Cash loans
0,112500.0,884124.0,25978.5,738000.0,0.0196889999999999,-21347,-4929,F,N,Cash loans
0,54000.0,337500.0,15862.5,337500.0,0.018209,-22261,365243,M,N,Cash loans
0,99000.0,225000.0,11074.5,225000.0,0.025164,-14621,-897,F,N,Cash loans
0,135000.0,540000.0,17550.0,540000.0,0.030755,-9265,-1411,F,N,Cash loans
0,67500.0,359775.0,34641.0,337500.0,0.030755,-8774,-231,F,Y,Cash loans
0,182745.0,942300.0,27135.0,675000.0,0.0196889999999999,-10252,-197,F,Y,Cash loans
0,108000.0,547344.0,30690.0,472500.0,0.006305,-20029,365243,F,N,Cash loans
0,90000.0,135000.0,6750.0,135000.0,0.028663,-21870,365243,F,N,Revolving loans
0,157500.0,835605.0,27085.5,697500.0,0.0084739999999999,-13235,-2932,F,N,Cash loans
0,180000.0,263686.5,25038.0,238500.0,0.025164,-19299,-553,M,Y,Cash loans
0,123750.0,450000.0,20979.0,450000.0,0.035792,-10742,-2029,F,Y,Cash loans
0,99000.0,679500.0,24201.0,679500.0,0.018029,-23152,365243,M,Y,Cash loans
0,306000.0,1971072.0,59890.5,1800000.0,0.018634,-20413,365243,F,N,Cash loans
0,58500.0,296280.0,16200.0,225000.0,0.010556,-19026,-8995,F,N,Cash loans
0,247500.0,296280.0,19930.5,225000.0,0.04622,-13422,-1545,F,Y,Cash loans
0,225000.0,1011955.5,43006.5,904500.0,0.0072739999999999,-18167,-2450,F,N,Cash loans
0,135000.0,545040.0,25407.0,450000.0,0.00712,-19310,-4164,M,Y,Cash loans
0,315000.0,254700.0,23944.5,225000.0,0.006233,-14056,-6186,M,Y,Cash loans
0,157500.0,970380.0,28503.0,810000.0,0.006629,-16973,-4898,F,N,Cash loans
0,144000.0,545040.0,36553.5,450000.0,0.0116569999999999,-12323,-533,M,Y,Cash loans
0,135000.0,405000.0,20250.0,405000.0,0.035792,-17818,-224,F,N,Revolving loans
0,225000.0,1095579.0,37642.5,994500.0,0.019101,-19966,-1588,F,Y,Cash loans
0,67500.0,544491.0,17694.0,454500.0,0.0116569999999999,-22604,365243,F,N,Cash loans
0,270000.0,1886850.0,55300.5,1575000.0,0.072508,-13657,-1280,F,N,Cash loans
0,72000.0,254700.0,14350.5,225000.0,0.018634,-24244,365243,F,N,Cash loans
0,112500.0,229230.0,22801.5,202500.0,0.019101,-12009,-2887,F,N,Cash loans
0,157500.0,1012500.0,29736.0,1012500.0,0.026392,-14034,-2293,F,Y,Cash loans
0,387000.0,1480500.0,46615.5,1480500.0,0.026392,-13168,-2574,F,Y,Cash loans
0,270000.0,540000.0,27000.0,540000.0,0.028663,-12024,-931,F,Y,Revolving loans
0,99000.0,754740.0,20038.5,630000.0,0.004849,-14100,-466,F,N,Cash loans
0,157500.0,755190.0,36459.0,675000.0,0.00496,-13165,-1790,F,N,Cash loans
0,112500.0,127350.0,13639.5,112500.0,0.015221,-17111,-2370,F,N,Cash loans
0,90000.0,334152.0,17059.5,270000.0,0.019101,-15616,-184,F,N,Cash loans
0,112500.0,545040.0,25407.0,450000.0,0.02461,-14867,-1661,F,N,Cash loans
0,157500.0,630000.0,32166.0,630000.0,0.072508,-8891,-403,M,N,Cash loans
0,72000.0,553806.0,23593.5,495000.0,0.025164,-16457,-3217,F,N,Cash loans
0,130500.0,288873.0,16713.0,238500.0,0.00702,-13808,-573,F,N,Cash loans
0,202500.0,753840.0,24448.5,540000.0,0.035792,-22151,365243,F,N,Cash loans
0,90000.0,753840.0,24448.5,540000.0,0.018634,-15254,-3631,F,N,Cash loans
0,112500.0,948582.0,27864.0,679500.0,0.0228,-15308,-277,F,N,Cash loans
0,148500.0,252000.0,25051.5,252000.0,0.02461,-12744,-1586,F,N,Cash loans
0,45000.0,521280.0,27423.0,450000.0,0.019101,-17061,-5303,F,N,Cash loans
0,135000.0,900000.0,35694.0,900000.0,0.026392,-20436,365243,F,N,Cash loans
0,270000.0,886500.0,23512.5,886500.0,0.026392,-22293,-3071,M,Y,Cash loans
0,157500.0,1762110.0,51651.0,1575000.0,0.018029,-11050,-745,F,Y,Cash loans
0,63000.0,261000.0,14571.0,261000.0,0.006207,-25016,365243,F,N,Cash loans
0,306000.0,904500.0,29178.0,904500.0,0.010643,-12677,-5587,F,N,Cash loans
0,112500.0,167895.0,17334.0,157500.0,0.0060079999999999,-24626,-2698,F,Y,Cash loans
0,90000.0,270000.0,13500.0,270000.0,0.009334,-11170,-2245,F,N,Revolving loans
0,90000.0,265851.0,9850.5,229500.0,0.019101,-12161,-2403,F,N,Cash loans
0,99000.0,450000.0,17140.5,450000.0,0.01885,-10144,-1453,M,Y,Cash loans
0,108000.0,382500.0,19125.0,382500.0,0.010643,-12409,-541,F,N,Revolving loans
0,157500.0,1080504.0,31095.0,774000.0,0.022625,-19139,-690,M,Y,Cash loans
0,108000.0,247275.0,17716.5,225000.0,0.02461,-20054,-9417,F,N,Cash loans
0,243000.0,450000.0,27193.5,450000.0,0.001333,-18307,-3487,M,N,Cash loans
0,135000.0,647046.0,21001.5,463500.0,0.018634,-19540,-4366,F,N,Cash loans
0,135000.0,242950.5,19323.0,184500.0,0.020246,-16269,-1358,F,N,Cash loans
0,225000.0,762979.5,32454.0,616500.0,0.0196889999999999,-16071,-3126,F,N,Cash loans
0,180000.0,720000.0,36000.0,720000.0,0.04622,-11716,-1979,F,N,Revolving loans
0,90000.0,450000.0,24543.0,450000.0,0.026392,-14384,-3234,F,N,Cash loans
0,337500.0,1711764.0,47200.5,1530000.0,0.018634,-12213,-2736,M,N,Cash loans
0,180000.0,225000.0,25447.5,225000.0,0.018634,-10240,-549,F,N,Cash loans
0,225000.0,1546020.0,45202.5,1350000.0,0.04622,-20528,-608,M,N,Cash loans
0,103500.0,592560.0,27589.5,450000.0,0.02461,-10898,-199,F,N,Cash loans
0,220500.0,1319269.5,34929.0,1152000.0,0.031329,-17193,-1614,M,N,Cash loans
0,202500.0,993082.5,39510.0,913500.0,0.025164,-19368,-4960,F,N,Cash loans
0,157500.0,225000.0,13045.5,225000.0,0.00702,-22105,-286,F,Y,Cash loans
0,135000.0,755190.0,33394.5,675000.0,0.026392,-23708,365243,M,Y,Cash loans
0,202500.0,835380.0,40320.0,675000.0,0.010006,-16299,-658,F,Y,Cash loans
0,157500.0,239850.0,25830.0,225000.0,0.006296,-9887,-1077,M,N,Cash loans
0,144000.0,269550.0,16285.5,225000.0,0.026392,-15406,-1093,F,N,Cash loans
0,270000.0,904500.0,32485.5,904500.0,0.010643,-18361,-2213,F,N,Cash loans
0,103500.0,392238.0,28669.5,346500.0,0.018634,-8317,-381,F,Y,Cash loans
0,90000.0,270000.0,13500.0,270000.0,0.031329,-16812,-1019,F,N,Revolving loans
0,315000.0,678456.0,18787.5,486000.0,0.072508,-19828,-681,F,Y,Cash loans
0,135000.0,188685.0,14944.5,157500.0,0.031329,-11191,-826,M,Y,Cash loans
0,112500.0,640764.0,17748.0,459000.0,0.019101,-16256,-7313,M,Y,Cash loans
0,90000.0,90000.0,7213.5,90000.0,0.0105,-8977,-710,M,Y,Cash loans
0,157500.0,198666.0,21078.0,175500.0,0.028663,-11656,-353,F,N,Cash loans
0,90000.0,545040.0,26640.0,450000.0,0.020713,-17225,-419,M,N,Cash loans
0,198000.0,450000.0,24543.0,450000.0,0.0228,-22002,365243,F,N,Cash loans
0,81000.0,244584.0,16474.5,193500.0,0.00823,-10406,-310,F,N,Cash loans
0,112500.0,178290.0,10363.5,157500.0,0.005144,-24194,365243,F,N,Cash loans
0,337500.0,760225.5,32206.5,679500.0,0.032561,-22316,-3266,M,Y,Cash loans
0,360000.0,959031.0,93555.0,922500.0,0.01885,-18026,-3396,M,N,Cash loans
0,135000.0,135000.0,6750.0,135000.0,0.010032,-11706,-768,F,N,Revolving loans
0,135000.0,435253.5,20421.0,306000.0,0.035792,-11227,-1666,F,N,Cash loans
0,135000.0,225000.0,17905.5,225000.0,0.025164,-12385,-1423,F,N,Cash loans
0,270000.0,1575000.0,49585.5,1575000.0,0.003069,-11964,-3108,M,Y,Cash loans
0,180000.0,1350000.0,53671.5,1350000.0,0.020713,-16054,-5922,F,Y,Cash loans
0,112500.0,675000.0,21906.0,675000.0,0.035792,-19930,-6704,F,N,Cash loans
0,157500.0,1079883.0,35820.0,967500.0,0.00733,-17170,-2656,F,N,Cash loans
0,157500.0,755190.0,38686.5,675000.0,0.010147,-20194,-1419,M,Y,Cash loans
0,270000.0,545040.0,26640.0,450000.0,0.02461,-13649,-1259,M,Y,Cash loans
0,157500.0,383760.0,40297.5,360000.0,0.006852,-11221,-4244,F,N,Cash loans
1,112500.0,787500.0,26154.0,787500.0,0.031329,-11073,-1568,F,Y,Cash loans
1,112500.0,314100.0,21375.0,225000.0,0.005084,-11333,-1038,F,N,Cash loans
1,225000.0,855000.0,30420.0,855000.0,0.006305,-10824,-1059,M,Y,Cash loans
1,207000.0,1506816.0,54252.0,1350000.0,0.006629,-13454,-2399,F,Y,Cash loans
1,315000.0,327024.0,25965.0,270000.0,0.018029,-14681,-5328,M,N,Cash loans
1,135000.0,364500.0,22153.5,364500.0,0.026392,-17527,-2181,F,N,Cash loans
1,202500.0,358443.0,13639.5,252000.0,0.018029,-13674,-2776,F,N,Cash loans
1,900000.0,675000.0,33750.0,675000.0,0.032561,-17170,-407,M,N,Revolving loans
1,112500.0,135000.0,6750.0,135000.0,0.031329,-8382,-104,F,N,Revolving loans
1,202500.0,886500.0,37687.5,886500.0,0.028663,-15935,-3158,M,Y,Cash loans
1,270000.0,325908.0,22045.5,247500.0,0.04622,-14055,-714,M,Y,Cash loans
1,180000.0,1223010.0,51948.0,1125000.0,0.0196889999999999,-12912,-1440,F,Y,Cash loans
1,81000.0,292500.0,13014.0,292500.0,0.018209,-17538,-424,F,Y,Cash loans
1,180000.0,904500.0,38322.0,904500.0,0.006233,-14848,-2410,F,N,Cash loans
1,225000.0,180000.0,9000.0,180000.0,0.007114,-13326,-2413,M,N,Revolving loans
1,112500.0,835380.0,42781.5,675000.0,0.035792,-16459,-1774,F,Y,Cash loans
1,193500.0,521280.0,31630.5,450000.0,0.031329,-15367,-1175,M,N,Cash loans
1,112500.0,270000.0,13500.0,270000.0,0.02461,-13296,-925,F,N,Revolving loans
1,144000.0,942300.0,36643.5,675000.0,0.020246,-16706,-669,F,N,Cash loans
1,675000.0,1023966.0,29938.5,733500.0,0.02461,-14163,-6886,M,N,Cash loans
1,292500.0,352656.0,22666.5,279000.0,0.030755,-18942,-4854,F,N,Cash loans
1,198000.0,1546020.0,45333.0,1350000.0,0.010147,-14211,-2836,M,N,Cash loans
1,134100.0,580707.0,39411.0,441000.0,0.016612,-12072,-792,F,N,Cash loans
1,135000.0,296280.0,23539.5,225000.0,0.020246,-13473,-2105,F,N,Cash loans
1,157500.0,521280.0,28408.5,450000.0,0.030755,-17940,-2200,M,N,Cash loans
1,153000.0,866916.0,28093.5,621000.0,0.0196889999999999,-23587,365243,M,N,Cash loans
1,112500.0,180000.0,9000.0,180000.0,0.0105,-17262,-8335,M,Y,Revolving loans
1,112500.0,545040.0,26509.5,450000.0,0.04622,-12852,-244,F,N,Cash loans
1,202500.0,706410.0,68944.5,679500.0,0.020713,-18595,-3033,F,N,Cash loans
1,90000.0,247500.0,12375.0,247500.0,0.00733,-8129,-342,F,Y,Revolving loans
1,112500.0,545040.0,26640.0,450000.0,0.020246,-18525,-240,M,Y,Cash loans
1,180000.0,545040.0,26640.0,450000.0,0.010643,-12932,-176,M,Y,Cash loans
1,112500.0,202500.0,10125.0,202500.0,0.018209,-15837,-154,F,N,Revolving loans
1,225000.0,270000.0,21460.5,270000.0,0.018209,-15592,-2314,M,N,Cash loans
1,112500.0,679500.0,24070.5,679500.0,0.010032,-8854,-176,M,N,Cash loans
1,135000.0,302341.5,18400.5,261000.0,0.010276,-13806,-213,F,Y,Cash loans
1,117000.0,2281500.0,65128.5,2281500.0,0.030755,-16057,-2814,F,N,Cash loans
1,67500.0,343800.0,13090.5,225000.0,0.022625,-10169,-2144,M,N,Cash loans
1,90000.0,178038.0,14404.5,162000.0,0.020713,-12748,-633,F,N,Cash loans
1,315000.0,1350000.0,41062.5,1350000.0,0.0145199999999999,-11394,-2642,F,N,Cash loans
1,225000.0,715095.0,53595.0,675000.0,0.04622,-15373,-5029,F,N,Cash loans
1,67500.0,474048.0,24948.0,360000.0,0.020246,-11618,-187,F,Y,Cash loans
1,90000.0,450000.0,35685.0,450000.0,0.028663,-11270,-3857,M,N,Cash loans
1,135000.0,450000.0,30442.5,450000.0,0.072508,-12931,-417,F,N,Cash loans
1,67500.0,49455.0,3883.5,45000.0,0.009334,-16505,-125,M,N,Cash loans
1,76500.0,275040.0,12951.0,180000.0,0.006207,-14023,-1260,F,N,Cash loans
1,112500.0,339948.0,27387.0,315000.0,0.014464,-9409,-938,F,N,Cash loans
1,126000.0,254700.0,17149.5,225000.0,0.030755,-23874,365243,M,Y,Cash loans
1,225000.0,337923.0,24718.5,279000.0,0.0228,-10184,-1936,M,N,Cash loans
1,225000.0,1168452.0,41526.0,837000.0,0.001333,-15270,-769,M,N,Cash loans
1,175500.0,93964.5,6813.0,85500.0,0.016612,-21242,-1708,F,Y,Cash loans
1,67500.0,640080.0,29970.0,450000.0,0.002134,-11934,-4565,F,N,Cash loans
1,202500.0,943425.0,27715.5,787500.0,0.0066709999999999,-14310,-4113,M,N,Cash loans
1,225000.0,900000.0,46084.5,900000.0,0.006305,-12313,-1122,M,Y,Cash loans
1,292500.0,462825.0,36697.5,378000.0,0.031329,-19263,-499,M,Y,Cash loans
1,157500.0,481176.0,26230.5,360000.0,0.0031219999999999,-17951,-10815,F,N,Cash loans
1,90000.0,675000.0,21906.0,675000.0,0.015221,-14222,-831,F,N,Cash loans
1,90000.0,314100.0,17167.5,225000.0,0.0196889999999999,-10058,-2734,F,N,Cash loans
1,315000.0,1812456.0,49972.5,1620000.0,0.035792,-14327,-3039,F,N,Cash loans
1,90000.0,521280.0,28408.5,450000.0,0.020246,-10394,-1109,F,N,Cash loans
1,67500.0,312768.0,13774.5,270000.0,0.008068,-18786,365243,F,N,Cash loans
1,52425.0,67500.0,6705.0,67500.0,0.020713,-23306,365243,F,N,Cash loans
1,166500.0,408780.0,20011.5,337500.0,0.0105,-13208,-1563,M,N,Cash loans
1,225000.0,150948.0,13842.0,126000.0,0.028663,-11529,-612,M,N,Cash loans
1,112500.0,900000.0,38133.0,900000.0,0.035792,-14030,-3281,F,N,Cash loans
1,225000.0,592560.0,31153.5,450000.0,0.004849,-14981,-4352,M,N,Cash loans
1,180000.0,450000.0,22018.5,450000.0,0.010006,-15138,-3047,M,N,Cash loans
1,360000.0,1984500.0,52479.0,1984500.0,0.032561,-10947,-314,M,Y,Cash loans
1,139500.0,607500.0,18612.0,607500.0,0.026392,-21869,365243,M,N,Cash loans
1,180000.0,296280.0,16069.5,225000.0,0.010276,-11675,-267,F,Y,Cash loans
1,76500.0,832500.0,29623.5,832500.0,0.002042,-11322,-1343,F,N,Cash loans
1,67500.0,180000.0,9000.0,180000.0,0.0196889999999999,-15030,-602,F,N,Revolving loans
1,405000.0,898326.0,29110.5,643500.0,0.020713,-15252,-2544,F,N,Cash loans
1,135000.0,545040.0,35617.5,450000.0,0.010006,-11357,-673,F,Y,Cash loans
1,189000.0,761872.5,70006.5,675000.0,0.020713,-16973,-2003,M,N,Cash loans
1,126000.0,392427.0,22657.5,324000.0,0.007305,-17028,-1320,M,N,Cash loans
1,225000.0,983299.5,38992.5,904500.0,0.018801,-17791,-676,M,N,Cash loans
1,112500.0,1295860.5,40689.0,1161000.0,0.019101,-22506,365243,F,Y,Cash loans
1,90000.0,94230.0,5062.5,67500.0,0.04622,-11566,-251,F,N,Cash loans
1,216000.0,640080.0,31261.5,450000.0,0.020246,-15295,-212,F,N,Cash loans
