TARGET,EXT_SOURCE_3,EXT_SOURCE_1,EXT_SOURCE_2,DAYS_REGISTRATION,REGION_RATING_CLIENT,FLAG_DOCUMENT_2,YEARS_BEGINEXPLUATATION_MODE,DAYS_BIRTH,ORGANIZATION_TYPE,REGION_RATING_CLIENT_W_CITY
0,0.511891801533151,0.49385978002246267,0.0807051335729182,-3988.0,3,0,0.9891,-9119,4,3
0,0.50174984236535,0.0818726700245654,0.4350846874726135,-4124.0,2,0,0.9752,-11644,2,2
0,0.5638350489514956,0.49385978002246267,0.7417900665623277,-10110.0,2,0,0.9518,-18434,21,2
0,0.3523399726917038,0.8637319162271277,0.4084689906570571,-3701.0,3,0,0.9812677480916031,-19491,45,3
0,0.4578995512067301,0.2777241864351809,0.6217110558232247,-4732.0,2,0,0.9812677480916031,-10224,41,2
0,0.50174984236535,0.8565718732169487,0.3420278293317465,-6211.0,2,0,0.9851,-21536,45,2
0,0.3539876078507373,0.49385978002246267,0.6209135690439691,-1777.0,2,0,0.997,-16617,4,2
0,0.8038850611746273,0.49385978002246267,0.6274282049690126,-9297.0,2,0,0.9812677480916031,-22921,16,2
0,0.0005272652387098,0.49385978002246267,0.002711726798143,-2391.0,2,0,0.9812677480916031,-22771,45,2
0,0.8027454758994178,0.49385978002246267,0.5200546256648811,-6841.0,2,0,0.9812677480916031,-16768,26,2
0,0.7136313997323308,0.6405318712478071,0.6730253087132598,-8133.0,2,0,0.9856,-15909,4,2
0,0.4596904504249018,0.4181280446933715,0.5910431769743466,-2193.0,2,0,0.9812677480916031,-14315,34,2
0,0.6161216908872079,0.49385978002246267,0.6408714724123011,-1869.0,2,0,0.9812677480916031,-12608,26,2
0,0.8277026681625442,0.8058131753287598,0.7510523968909802,-9348.0,1,0,0.9732,-19742,45,1
0,0.6512602186973006,0.49385978002246267,0.350223300051217,-7843.0,2,0,0.9672,-16345,32,2
0,0.6263042766749393,0.49385978002246267,0.2161889931177612,-747.0,3,0,0.9812677480916031,-11151,22,3
0,0.7662336700704004,0.49385978002246267,0.615644282368553,-14556.0,2,0,0.9812677480916031,-23738,45,2
0,0.50174984236535,0.49385978002246267,0.089265539138842,-10058.0,3,0,0.9812677480916031,-18878,4,3
0,0.50174984236535,0.49385978002246267,0.7101648462858041,-8739.0,2,0,0.9791,-19890,45,2
0,0.7713615919194317,0.49385978002246267,0.6130589964452773,-1994.0,3,0,0.9812677480916031,-23417,45,3
0,0.2525986978339766,0.6910956569795664,0.6664132847424076,-1981.0,2,0,0.9652,-13675,4,2
0,0.2778856891082046,0.4358410898539462,0.6280720666772568,-2450.0,2,0,0.9812677480916031,-15554,39,2
0,0.5388627065779676,0.5407222350234262,0.4218853220965175,-7081.0,3,0,0.9841,-15882,26,3
0,0.50174984236535,0.49385978002246267,0.3970184532171317,-6097.0,1,0,0.9846,-14767,39,1
0,0.3046721837533529,0.49385978002246267,0.1457275581664028,-7410.0,3,0,0.9812677480916031,-13839,34,3
0,0.5884877883422673,0.49385978002246267,0.6357371002512845,-1556.0,2,0,0.9812677480916031,-14320,4,2
0,0.746300213050371,0.49385978002246267,0.1339396159763309,-107.0,2,0,0.9722,-9918,34,2
0,0.5100895276257282,0.5711433531813652,0.6401715948296864,-7674.0,2,0,0.9821,-14087,39,2
0,0.50174984236535,0.7573449518287921,0.5075128326115086,-8010.0,2,0,0.9891,-20558,45,2
0,0.50174984236535,0.252683836758577,0.6702087815938295,-4744.0,2,0,0.9812677480916031,-10188,34,2
0,0.3046721837533529,0.49385978002246267,0.1523325111551909,-7983.0,3,0,0.9812677480916031,-15019,4,3
0,0.5154953751603267,0.5848701996448251,0.5899591805306108,-2037.0,2,0,0.9806,-11454,4,2
0,0.4794489811780563,0.49385978002246267,0.6917235942138256,-1702.0,2,0,0.9846,-12409,27,2
0,0.4668640059537032,0.49385978002246267,0.5674756393228018,-2359.0,2,0,0.9955,-15990,34,1
0,0.50174984236535,0.49385978002246267,0.4941908349236454,-6021.0,3,0,0.9812677480916031,-12888,0,3
0,0.50174984236535,0.49385978002246267,0.8117862234424749,-373.0,1,0,0.9747,-11954,4,1
0,0.50174984236535,0.7996688180735712,0.5845687608500172,-6029.0,2,0,0.9826,-11612,36,2
0,0.3185955240537633,0.3529562420827603,0.5529247106294252,-4097.0,2,0,0.9812677480916031,-12697,27,2
0,0.6817058776720116,0.5815505131422694,0.7627356216728216,-1314.0,2,0,0.9742,-14481,34,2
0,0.178760465484575,0.6324556551025672,0.6767533610525456,-5676.0,2,0,0.9588,-14160,4,2
0,0.6212263380626669,0.23705561216355,0.5946588406718386,-6378.0,2,0,0.9821,-17021,34,2
0,0.4543210601605785,0.714631504222922,0.6463087663943002,-6006.0,2,0,0.9812677480916031,-11471,31,2
0,0.50174984236535,0.5275497451192188,0.3628395355966315,-7571.0,2,0,0.9812677480916031,-9098,32,2
0,0.6832688314232291,0.4381898811963464,0.493868334084631,-4453.0,2,0,0.9812677480916031,-12526,23,2
0,0.5656079814115492,0.49385978002246267,0.7104708200094473,-4837.0,2,0,0.9812677480916031,-23284,45,2
0,0.50174984236535,0.3395750544459469,0.4938246055441985,-7236.0,2,0,0.9841,-13275,42,2
0,0.50174984236535,0.49385978002246267,0.3146856448840098,-1415.0,2,0,0.9812677480916031,-13198,23,2
0,0.213966852261798,0.411716210652456,0.504599412990574,-1087.0,3,0,0.9856,-15479,4,2
0,0.50174984236535,0.49385978002246267,0.1464969302354126,-1597.0,3,0,0.9812677480916031,-9180,4,3
0,0.50174984236535,0.49385978002246267,0.6206458784109674,-198.0,2,0,0.9816,-14793,4,2
0,0.6041125998015721,0.49385978002246267,0.7780262018831763,-3096.0,2,0,0.9812677480916031,-17288,20,2
0,0.746300213050371,0.49385978002246267,0.7803063646701957,-8872.0,2,0,0.9812677480916031,-15437,23,2
0,0.50174984236535,0.4138181104449335,0.6408161082139685,-825.0,2,0,0.9697,-12308,8,2
0,0.6956219298394389,0.49385978002246267,0.4635423715942267,-3027.0,2,0,0.9801,-12390,34,2
0,0.7801436381572275,0.49385978002246267,0.709687505776802,-7500.0,2,0,0.9782,-14770,4,2
0,0.50174984236535,0.49385978002246267,0.4152968317112733,-6339.0,2,0,0.9876,-20786,45,2
0,0.50174984236535,0.49385978002246267,0.7236938699926457,-5065.0,2,0,0.9901,-21655,45,2
0,0.50174984236535,0.3130951356100008,0.2987803564758232,-3770.0,3,0,0.9767,-8908,39,3
0,0.6075573001388961,0.7311434756654495,0.7178981332035657,-6508.0,1,0,0.9732,-12844,36,1
0,0.158554899794863,0.49385978002246267,0.6386741767078266,-6868.0,2,0,0.9821,-14486,4,2
0,0.4294236843421945,0.49385978002246267,0.4822637851776427,-5478.0,2,0,0.9812677480916031,-8336,20,2
0,0.50174984236535,0.49385978002246267,0.162144567666238,-1077.0,2,0,0.9757,-24247,45,2
0,0.6263042766749393,0.2984462606913713,0.5929551900463176,-4436.0,2,0,0.9812677480916031,-12977,34,2
0,0.475849908720221,0.6005570735169833,0.2387742017796821,-7498.0,2,0,0.9737,-19761,4,2
0,0.7713615919194317,0.49385978002246267,0.6773605942686407,-4855.0,2,0,0.9812677480916031,-22528,45,2
0,0.5136937663039473,0.49385978002246267,0.7694322449550536,-8038.0,1,0,0.9812677480916031,-14171,23,1
0,0.7838324335199619,0.49385978002246267,0.6112626359925103,-2097.0,2,0,0.9926,-17858,39,2
0,0.1986200451074864,0.49385978002246267,0.3900043665881406,0.0,2,0,0.9812677480916031,-12226,8,2
0,0.6910212267577837,0.49385978002246267,0.2388656313253349,-107.0,1,0,0.9891,-10584,4,1
0,0.248535557339522,0.8467166336015999,0.5872957377240865,-4106.0,2,0,0.993,-15111,23,2
0,0.3062022983135042,0.1451608361331072,0.4822528651528428,-2984.0,3,0,0.9812677480916031,-10871,34,3
0,0.6127042441012546,0.49385978002246267,0.0924094244382122,-1613.0,2,0,0.9812677480916031,-15254,2,2
0,0.5100895276257282,0.49385978002246267,0.4404506907466179,-9212.0,2,0,0.9876,-10217,37,2
0,0.50174984236535,0.7617954795610532,0.711252880639897,-1096.0,2,0,0.9812677480916031,-17388,20,2
0,0.5424451438613613,0.49385978002246267,0.7493229961764235,-3910.0,2,0,0.9812677480916031,-14581,34,2
0,0.50174984236535,0.5350403561525777,0.5993727233047187,-2228.0,2,0,0.9965,-11827,34,2
0,0.6894791426446275,0.5325282028855832,0.7445073572641159,-6137.0,2,0,0.9782,-14303,7,2
0,0.501075160239048,0.49385978002246267,0.6071394123427742,-7304.0,2,0,0.9896,-16171,2,2
0,0.50174984236535,0.3073074332553619,0.5773127951379281,-7060.0,2,0,0.9812677480916031,-13017,34,2
0,0.6006575372857061,0.3857919624193744,0.1131131964732534,-4723.0,3,0,0.9697,-11508,2,3
0,0.6363761710860439,0.49385978002246267,0.6340694245172884,-1933.0,2,0,0.9871,-13343,39,2
0,0.3876253444214701,0.5303776992507642,0.7390582225469561,-6466.0,1,0,0.9821,-13121,24,1
0,0.1351060157401717,0.49385978002246267,0.3969137582235401,-18.0,2,0,0.9812677480916031,-13718,20,2
0,0.7981372313187245,0.49385978002246267,0.6300926656844718,-3385.0,2,0,0.9812677480916031,-13861,43,2
0,0.1139223962922108,0.8340602214307292,0.2519594609769151,-7590.0,1,0,0.9811,-13476,26,1
0,0.4083588531230431,0.8195759407989162,0.7015846102505903,-8219.0,1,0,0.9886,-18398,4,1
0,0.520897599048938,0.49385978002246267,0.2650049647535306,-4695.0,2,0,0.9812677480916031,-12814,35,2
0,0.3077366963789207,0.49385978002246267,0.2997846689933525,-3731.0,2,0,0.9812677480916031,-18839,8,2
0,0.7557400501752248,0.49385978002246267,0.5545944511295824,-6322.0,1,0,0.9816,-18941,26,1
0,0.2176285202779586,0.49385978002246267,0.4245382787301989,-1765.0,2,0,0.9737,-16660,34,2
0,0.5262949398096192,0.49385978002246267,0.604434332087026,-4220.0,2,0,0.9866,-23473,45,2
0,0.7958031328748403,0.49385978002246267,0.4588311704272817,-2807.0,3,0,0.9812677480916031,-15802,39,3
0,0.5902333386185574,0.49385978002246267,0.5863201498755743,-3609.0,2,0,0.9801,-17978,3,2
0,0.4596904504249018,0.1720021454011047,0.4366547586716121,-3514.0,2,0,0.9816,-9251,4,2
0,0.5531646987710016,0.8178151455111836,0.6368555073156181,-3867.0,2,0,0.9901,-20112,44,2
0,0.6430255641096323,0.49385978002246267,0.6301640181318272,-3877.0,1,0,0.9752,-20171,45,1
0,0.5298898341969072,0.6409856183211522,0.5135619241839016,-861.0,1,0,0.9985,-19117,4,1
0,0.4938628816996244,0.49385978002246267,0.5317763310101923,-425.0,2,0,0.9975,-12385,23,1
0,0.5849900404894085,0.49385978002246267,0.750655587573923,-4287.0,2,0,0.9762,-15653,10,2
0,0.5585066276769286,0.5612019169836453,0.3749656320037783,-9941.0,2,0,0.9812677480916031,-17309,22,2
0,0.5744466170995097,0.8378626287250304,0.4959291362698243,-8707.0,2,0,0.9812677480916031,-8707,34,2
0,0.4436153084085652,0.49385978002246267,0.3878735315374741,-518.0,2,0,0.9812677480916031,-17416,34,2
0,0.50174984236535,0.49385978002246267,0.7079363042666692,-1814.0,1,0,0.9782,-19024,45,1
0,0.7751552674785404,0.49385978002246267,0.6194145885847256,-4723.0,2,0,0.9812677480916031,-18824,23,2
0,0.50174984236535,0.49385978002246267,0.1760025660601485,-1586.0,3,0,0.9812677480916031,-12041,31,3
0,0.50174984236535,0.49385978002246267,0.54783805066772,-4242.0,2,0,0.9812677480916031,-16085,34,2
0,0.0822685076491272,0.6446915088990368,0.6420885333667294,-5729.0,2,0,0.9757,-17267,4,2
0,0.50174984236535,0.49385978002246267,0.5893401167127793,-11935.0,2,0,0.9812677480916031,-19637,3,2
0,0.7016957740576931,0.1959655997077706,0.4410975135126381,-11521.0,2,0,0.9826,-11581,34,2
0,0.50174984236535,0.8238595242739041,0.5621113542434457,-8898.0,3,0,0.9796,-18016,34,3
0,0.50174984236535,0.49385978002246267,0.3964322829740012,-561.0,2,0,0.9812677480916031,-11891,2,2
0,0.4848514754962666,0.4633669271406967,0.5805538177205133,-932.0,2,0,0.9812677480916031,-11761,31,2
0,0.6212263380626669,0.49385978002246267,0.6155718375421722,-4238.0,2,0,0.9812677480916031,-9545,4,2
0,0.5971924268337128,0.49385978002246267,0.2651072007852093,-5827.0,2,0,0.9812677480916031,-11862,34,2
0,0.6496203111237195,0.49385978002246267,0.6550711276284358,-7660.0,2,0,0.9812677480916031,-19293,34,2
0,0.6479768603302221,0.49385978002246267,0.5942001850769857,-6733.0,2,0,0.9812677480916031,-21491,45,2
0,0.0409020476887403,0.6805734263316271,0.6564286448848661,-2709.0,2,0,0.9687,-17253,4,2
0,0.3185955240537633,0.49385978002246267,0.6441212522339055,-522.0,2,0,0.9812677480916031,-19646,3,2
0,0.6910212267577837,0.49385978002246267,0.4797963103132302,-4600.0,2,0,0.9812677480916031,-11118,10,2
0,0.2650494299443805,0.3117507454722424,0.2584432537400903,-207.0,2,0,0.9812677480916031,-11874,4,2
0,0.0705805188315975,0.49385978002246267,0.3310911882112104,-85.0,3,0,0.9812677480916031,-11033,4,3
0,0.7032033049040319,0.49385978002246267,0.7411361275101312,-13139.0,2,0,0.9816,-23473,45,2
0,0.4794489811780563,0.49385978002246267,0.4583696700847446,-1756.0,3,0,0.9812677480916031,-10071,26,3
0,0.813917469762627,0.49385978002246267,0.6689702621888559,-7251.0,1,0,0.9772,-22680,45,1
0,0.50174984236535,0.49385978002246267,0.2007754035972499,-10776.0,2,0,0.9851,-21038,43,2
0,0.6430255641096323,0.49385978002246267,0.6868435482003503,-6435.0,2,0,0.9906,-21604,4,2
0,0.2353105173615833,0.49385978002246267,0.6927578351932453,-3903.0,2,0,0.9812677480916031,-22171,45,2
0,0.524496446363472,0.5033728321261759,0.5043862212804762,-2445.0,2,0,0.9782,-15776,4,2
0,0.3062022983135042,0.49385978002246267,0.2737975808436758,-7656.0,2,0,0.9816,-21823,45,2
0,0.3092753558842053,0.2665544786649456,0.6937854966909746,-3060.0,2,0,0.9945,-10665,20,2
0,0.5388627065779676,0.49385978002246267,0.5288405100754134,-8713.0,2,0,0.9737,-16300,4,2
0,0.5971924268337128,0.49385978002246267,0.6554514886604902,-12494.0,2,0,0.9633,-22156,45,2
0,0.7503751495159068,0.655768002302989,0.5283773453115879,-6145.0,2,0,0.9812677480916031,-16990,32,2
0,0.7180328113294772,0.4519059187891442,0.658688772354235,-5457.0,2,0,0.9812677480916031,-11489,41,2
0,0.2940831009471255,0.49385978002246267,0.3402093249248976,-2067.0,2,0,0.9812677480916031,-18988,45,2
0,0.3689687382528466,0.6564481134833,0.0932879851584875,-49.0,2,0,0.9772,-23385,45,2
0,0.4992720153045617,0.49385978002246267,0.6382299777071829,-4686.0,2,0,0.9712,-20571,45,2
0,0.5902333386185574,0.6798023519296466,0.6857041804092294,-1808.0,2,0,0.9812677480916031,-18906,4,2
0,0.5902333386185574,0.500579597360597,0.5359447432048026,-3886.0,2,0,0.9871,-11864,26,2
0,0.50174984236535,0.4603592140562816,0.6595534984729644,-7493.0,2,0,0.9896,-20995,45,2
0,0.50174984236535,0.49385978002246267,0.2026628114733339,-7774.0,2,0,0.9821,-16776,16,2
0,0.1047946227497676,0.1347794589914721,0.5668260763971845,-2614.0,2,0,0.9916,-9653,34,2
0,0.445396241560834,0.49385978002246267,0.4549839516434879,-10065.0,2,0,0.9831,-19019,26,2
0,0.5064842396679806,0.49385978002246267,0.5413626090156705,-10422.0,3,0,0.9782,-21537,26,3
0,0.4578995512067301,0.49385978002246267,0.4339509577301556,-183.0,1,0,0.9812677480916031,-13969,26,1
0,0.5620604831738043,0.49385978002246267,0.4682001968381503,-7554.0,1,0,0.9742,-20233,45,1
0,0.7726311345553628,0.49385978002246267,0.4990779792240374,-6427.0,2,0,0.9911,-21632,26,2
0,0.4083588531230431,0.49385978002246267,0.3626171229256007,-9384.0,3,0,0.9812677480916031,-20312,45,3
0,0.6178261467332483,0.6140667521371346,0.5802289579437219,-8508.0,2,0,0.9881,-23340,32,2
0,0.50174984236535,0.49385978002246267,0.6170197562207133,-3164.0,3,0,0.9812677480916031,-19336,26,3
0,0.5028782772082183,0.5781738400278108,0.5419815059525984,-977.0,2,0,0.9812677480916031,-14521,39,2
0,0.6246146584503397,0.3842640503816953,0.3369771924178884,-1203.0,3,0,0.9891,-15131,4,3
0,0.6658549219640212,0.49385978002246267,0.6673654205952241,-4370.0,2,0,0.9812677480916031,-16224,34,2
0,0.7713615919194317,0.4909941213825535,0.6167975314709548,-6445.0,2,0,0.9831,-12464,34,2
0,0.5388627065779676,0.5274241627563017,0.2631690324315239,-8534.0,2,0,0.9881,-17936,34,2
0,0.5832379256761245,0.49385978002246267,0.3549804272746551,-8526.0,2,0,0.9871,-16116,4,2
0,0.8256357449717892,0.7823864159959072,0.2882115901614542,-3744.0,2,0,0.9851,-23550,45,2
0,0.6512602186973006,0.49385978002246267,0.3255071658240385,-11685.0,3,0,0.9812677480916031,-19047,31,3
0,0.4276573700350293,0.49385978002246267,0.5885460313101485,-2664.0,2,0,0.9812677480916031,-11573,16,2
0,0.50174984236535,0.49385978002246267,0.709867688842869,-4518.0,2,0,0.9871,-10347,32,2
0,0.1575949986663102,0.5853594510657428,0.6676177991903954,-2964.0,1,0,0.9692,-15693,18,1
0,0.4920600938649263,0.49385978002246267,0.7633721697763762,-1228.0,2,0,0.9816,-21376,45,2
0,0.6023863442690867,0.49385978002246267,0.2686282667885784,-12247.0,3,0,0.9812677480916031,-20152,45,3
0,0.5726825047161584,0.1820591799328712,0.5466731676181352,-1008.0,2,0,0.9876,-11403,2,2
0,0.50174984236535,0.5634883836182613,0.5907788687770211,-160.0,3,0,0.9812677480916031,-13919,34,3
0,0.50174984236535,0.2081858901811945,0.1950583535645857,-4399.0,2,0,0.9812677480916031,-10294,4,2
0,0.50174984236535,0.6756940799059291,0.6293278190324916,-1921.0,1,0,0.9812677480916031,-17148,4,1
0,0.50174984236535,0.49385978002246267,0.2256956815943756,-8184.0,3,0,0.9821,-15528,43,3
0,0.266456808245056,0.49385978002246267,0.4849506001468979,-5993.0,2,0,0.9812677480916031,-12052,4,2
0,0.2750003523983893,0.49385978002246267,0.6161253926515435,-9564.0,2,0,0.9866,-21457,26,2
0,0.5814837058057234,0.3216319368525764,0.5590571442830816,-8107.0,2,0,0.9737,-18101,34,2
0,0.50174984236535,0.49385978002246267,0.7534121874174883,-5564.0,2,0,0.9911,-11576,4,2
0,0.6879328378491735,0.6472810293011872,0.7778751026361079,-8652.0,2,0,0.9812677480916031,-15342,34,2
0,0.2910973802776635,0.49385978002246267,0.3049972401969399,-6210.0,2,0,0.9812677480916031,-8406,1,2
0,0.4992720153045617,0.49385978002246267,0.5464401292455752,-2111.0,2,0,0.9812677480916031,-14666,6,2
0,0.6956219298394389,0.49385978002246267,0.6847514210262525,-5049.0,1,0,0.9812677480916031,-10824,4,1
0,0.6528965519806539,0.49385978002246267,0.2609278148739624,-19244.0,2,0,0.9812677480916031,-20823,34,2
0,0.5082869913916046,0.49385978002246267,0.6548339188968635,-6921.0,1,0,0.9767,-20091,34,1
0,0.4118485559242397,0.49385978002246267,0.6495810502590055,-5777.0,2,0,0.9871,-19360,45,2
0,0.3927738606031339,0.49385978002246267,0.4941853687666983,-2582.0,2,0,0.9812677480916031,-15012,3,2
0,0.8128226070575616,0.49385978002246267,0.269501303012518,-156.0,3,0,0.9762,-19454,1,3
0,0.5531646987710016,0.3708310175841431,0.6331810488056427,-6545.0,2,0,0.9861,-13322,4,2
0,0.4812493411434029,0.3783105960500173,0.5631283907175889,-2688.0,2,0,0.9812677480916031,-13701,34,2
0,0.50174984236535,0.49385978002246267,0.1518446529079702,-3617.0,2,0,0.9812677480916031,-23654,45,2
0,0.50174984236535,0.49385978002246267,0.391118234145051,-1829.0,2,0,0.9737,-9959,39,2
0,0.4794489811780563,0.8442232792489172,0.596170701796777,-7827.0,2,0,0.9801,-17390,34,2
0,0.4884551844437485,0.49385978002246267,0.6123948024599315,-13773.0,2,0,0.9737,-19774,4,2
0,0.7801436381572275,0.49385978002246267,0.578742241541287,-7918.0,3,0,0.9812677480916031,-21174,45,3
0,0.5797274227921155,0.49385978002246267,0.2633217140944169,-2594.0,2,0,0.9812677480916031,-21779,45,2
0,0.2807895743848605,0.49385978002246267,0.2973848795485241,-4330.0,2,0,0.9812677480916031,-10093,20,2
0,0.434733248750173,0.4066985579273808,0.4859338068464389,-657.0,2,0,0.9757,-10474,3,2
0,0.6785676886853644,0.49385978002246267,0.6121611973307705,-2866.0,2,0,0.9732,-9771,36,2
0,0.4014074137749511,0.2700511532386244,0.3117034536445076,-817.0,1,0,0.9812677480916031,-12456,4,1
0,0.6956219298394389,0.49385978002246267,0.2489218008733642,-9869.0,2,0,0.9812677480916031,-23162,45,2
0,0.3944954053123993,0.3313443297405089,0.0715388018505792,-1390.0,3,0,0.9821,-10288,4,3
0,0.7490217048463391,0.49385978002246267,0.7121099030514665,-3913.0,2,0,0.9812677480916031,-20450,4,2
0,0.50174984236535,0.49385978002246267,0.4798563482690596,-7969.0,2,0,0.9812677480916031,-8013,39,2
0,0.5726825047161584,0.49385978002246267,0.7696765593361753,-5165.0,2,0,0.9812677480916031,-11271,4,2
0,0.2405414172860865,0.49385978002246267,0.3516129641379667,-5751.0,1,0,0.9494,-15586,4,1
0,0.6706517530862718,0.3797482351124472,0.2705141940321166,-947.0,2,0,0.9786,-11842,6,2
0,0.4083588531230431,0.6523418683860781,0.4292462568352025,-705.0,2,0,0.9812677480916031,-14192,8,2
0,0.5370699579791587,0.49385978002246267,0.0469311511881953,-5971.0,2,0,0.9921,-17029,34,2
0,0.50174984236535,0.1539310233308573,0.567336083306231,-2122.0,3,0,0.9737,-9978,34,3
0,0.5478104658520093,0.5151513121371437,0.6346324366306502,-7291.0,2,0,0.9812677480916031,-21842,20,2
0,0.5779691187553125,0.5149548112722935,0.4682437553403079,-577.0,2,0,0.9851,-11098,37,2
0,0.6092756673894402,0.7412523248208095,0.4934638487523909,-6190.0,2,0,0.9697,-16061,3,2
0,0.50174984236535,0.1230047642153228,0.505665344903408,-3198.0,2,0,0.9801,-9499,4,2
0,0.2238313174701554,0.49385978002246267,0.158739593883699,-6068.0,2,0,0.9677,-11978,39,2
0,0.50174984236535,0.49385978002246267,0.253197925403691,-12672.0,2,0,0.9811,-23726,45,2
0,0.7032033049040319,0.7904550574821672,0.5772220773494753,-9429.0,2,0,0.9806,-15291,34,2
0,0.7700870700124128,0.49385978002246267,0.5263606573836362,-154.0,3,0,0.9737,-24576,45,3
0,0.7490217048463391,0.49385978002246267,0.5787049219275892,-7608.0,2,0,0.9772,-17830,10,2
0,0.3344541255096772,0.7624188914167892,0.4499403241955484,-3210.0,1,0,0.9737,-11579,4,1
0,0.50174984236535,0.5872590588573204,0.3607491681821723,-407.0,2,0,0.9812677480916031,-17308,5,2
0,0.0884605646541969,0.49385978002246267,0.660152288314845,-4266.0,2,0,0.9812677480916031,-19742,20,2
0,0.8658959152750668,0.3167911791800055,0.7149259571968151,-4357.0,1,0,0.9816,-10943,4,1
0,0.4830501881366946,0.4262746286393257,0.4516673789312612,-3388.0,2,0,0.9841,-13015,4,2
0,0.5585066276769286,0.7644702410829725,0.7305705386975806,-3072.0,1,0,0.9767,-19528,4,1
0,0.1047946227497676,0.4534345909192054,0.4560632552171597,-393.0,3,0,0.9985,-10649,4,2
0,0.50174984236535,0.1963684259841693,0.4442805936604515,-8774.0,2,0,0.9856,-8833,0,2
0,0.5954562029091491,0.2181235338135981,0.5181931435728641,-6439.0,2,0,0.9786,-9334,22,2
0,0.8016009030071296,0.49385978002246267,0.6823295470500789,-5434.0,2,0,0.9812677480916031,-17065,34,2
0,0.4650692149562261,0.49385978002246267,0.7369949905375893,-729.0,1,0,0.9812677480916031,-18097,35,1
0,0.2580842039460289,0.49385978002246267,0.5738619066937568,-7887.0,3,0,0.9812677480916031,-19597,4,3
0,0.6263042766749393,0.49385978002246267,0.5856516927868514,-292.0,2,0,0.9896,-13310,4,2
0,0.2970866116472028,0.49385978002246267,0.476418802445023,-693.0,2,0,0.9812677480916031,-17731,31,2
0,0.6313545365850379,0.7718497420983987,0.4728581195686769,-5693.0,2,0,0.9836,-19169,23,2
0,0.6246146584503397,0.49385978002246267,0.5496520522985325,-4080.0,3,0,0.9737,-21797,4,1
0,0.8193176922872417,0.49385978002246267,0.4907256255659831,-5209.0,2,0,0.9812677480916031,-23773,45,2
0,0.5954562029091491,0.49385978002246267,0.4034749801585419,-2660.0,2,0,0.9812677480916031,-19372,4,2
0,0.5495965024956946,0.6822007752349863,0.4380861357632474,-4689.0,2,0,0.9861,-23991,45,2
0,0.4884551844437485,0.49385978002246267,0.5764214011943551,-16184.0,2,0,0.9742,-22299,45,2
0,0.6956219298394389,0.49385978002246267,0.3205054206941451,-658.0,2,0,0.9801,-17835,45,2
0,0.6738300778602003,0.49385978002246267,0.4710379259189487,-3473.0,2,0,0.9812677480916031,-21935,45,2
0,0.470456116119975,0.49385978002246267,0.307282608628576,-4162.0,2,0,0.9812677480916031,-9559,34,2
0,0.6690566947824041,0.49385978002246267,0.6459337670538559,-13160.0,2,0,0.9821,-23044,45,2
0,0.50174984236535,0.0950139135643159,0.6179752806628012,-165.0,1,0,0.997,-10334,4,1
0,0.7922644738669378,0.7582988613159704,0.1339117154473423,-2805.0,3,0,0.9777,-13683,44,2
0,0.5954562029091491,0.49385978002246267,0.616683816204787,-352.0,2,0,0.9821,-23044,45,2
0,0.4048783643353997,0.188206223993128,0.6493271493311633,-6493.0,1,0,0.9812677480916031,-12757,4,1
0,0.501075160239048,0.2728972727611921,0.7121905913884016,-197.0,2,0,0.9742,-10798,4,2
0,0.50174984236535,0.49385978002246267,0.5410911226095733,-1.0,2,0,0.9786,-10308,6,2
0,0.1500851762342935,0.5869033463252837,0.3559624092192313,-4785.0,2,0,0.9812677480916031,-13609,4,2
0,0.7062051096536562,0.49385978002246267,0.6563645286655272,-3389.0,2,0,0.9812677480916031,-14731,4,2
0,0.7407990879702335,0.3201467608947942,0.5962391403312275,-5779.0,2,0,0.9812677480916031,-12740,35,2
0,0.50174984236535,0.5687427269521492,0.0666991773142073,-6754.0,2,0,0.9812677480916031,-12903,34,2
0,0.2431864804420123,0.5342508192210168,0.3895882612558895,-900.0,2,0,0.9812677480916031,-14293,4,2
0,0.511891801533151,0.49385978002246267,0.3249456907950021,-4696.0,2,0,0.9737,-10574,27,2
0,0.0564751797291575,0.49385978002246267,0.5429638737165834,-8816.0,2,0,0.9831,-19355,45,2
0,0.3740208032583212,0.43641062893092,0.1953537989258013,-5106.0,2,0,0.9806,-11627,28,2
0,0.434733248750173,0.49385978002246267,0.4749898586760494,-5897.0,2,0,0.9752,-8543,36,2
0,0.746300213050371,0.49385978002246267,0.5732949647884603,-4135.0,3,0,0.9812677480916031,-17088,4,3
0,0.4436153084085652,0.49385978002246267,0.4871411142991216,-7256.0,2,0,0.9896,-9700,34,2
0,0.7490217048463391,0.49385978002246267,0.542480872281229,-12440.0,2,0,0.9812677480916031,-20133,31,2
0,0.6430255641096323,0.49385978002246267,0.5975913455916301,-9987.0,2,0,0.9816,-18507,23,2
0,0.50174984236535,0.49385978002246267,0.5539353459161638,-641.0,2,0,0.9806,-13333,32,2
0,0.5779691187553125,0.7863571797255223,0.5715876339151235,-9464.0,2,0,0.9812677480916031,-18624,43,2
0,0.50174984236535,0.49385978002246267,0.6513361147619012,-4730.0,2,0,0.9812677480916031,-22768,45,2
0,0.50174984236535,0.49385978002246267,0.7703542581524253,-13655.0,1,0,0.9812677480916031,-20160,45,1
0,0.3774042489507649,0.3604528937927043,0.5205240044853812,-2396.0,3,0,0.9782,-12342,4,3
0,0.50174984236535,0.49385978002246267,0.3339304449685702,-2625.0,3,0,0.9812677480916031,-12498,43,3
0,0.50174984236535,0.4415983481928424,0.7141141330343463,-447.0,2,0,0.9812677480916031,-12669,4,2
0,0.50174984236535,0.49385978002246267,0.6122234970784659,-2147.0,2,0,0.9871,-19654,44,2
0,0.5867400085415683,0.49385978002246267,0.319734409575234,-10552.0,2,0,0.9712,-21429,31,2
0,0.50174984236535,0.49385978002246267,0.3689684307481655,-1719.0,3,0,0.9796,-9111,39,3
0,0.5656079814115492,0.49385978002246267,0.1838092894889209,-7366.0,2,0,0.9812677480916031,-11534,2,2
0,0.6626377922738201,0.49385978002246267,0.6029956239352426,-2477.0,2,0,0.9812677480916031,-10342,34,2
0,0.6986675550534175,0.6075211022919826,0.6994099827175155,-56.0,1,0,0.9812677480916031,-14838,22,1
0,0.6127042441012546,0.49385978002246267,0.5024018322255462,-1599.0,2,0,0.9945,-13231,4,2
0,0.3506958432829587,0.5181511964082693,0.4148667860324452,-615.0,2,0,0.9851,-18033,42,2
0,0.4848514754962666,0.490678215002922,0.7158476088456638,-4093.0,2,0,0.9812677480916031,-10809,36,2
0,0.50174984236535,0.605476884211312,0.5415797804686924,-3003.0,2,0,0.9812677480916031,-15756,34,2
0,0.5370699579791587,0.49385978002246267,0.4565677955137644,-9880.0,2,0,0.9861,-21399,45,2
0,0.3572932680336494,0.49385978002246267,0.6390727443917132,-1385.0,2,0,0.9821,-14967,3,2
0,0.6127042441012546,0.49385978002246267,0.5294398259448977,-1251.0,2,0,0.9812677480916031,-13958,16,2
0,0.50174984236535,0.49385978002246267,0.6346932807943652,-8736.0,2,0,0.9851,-9584,6,2
0,0.50174984236535,0.49385978002246267,0.2367293184188694,-404.0,3,0,0.9812677480916031,-24678,45,3
0,0.50174984236535,0.2687706113473958,0.6853836236426393,-6857.0,2,0,0.9812677480916031,-8223,23,2
0,0.4241303111942548,0.49385978002246267,0.7180265457715364,-5712.0,2,0,0.9812677480916031,-16391,39,2
0,0.11911906455945,0.49385978002246267,0.3146243409982624,-6949.0,2,0,0.9812677480916031,-12821,13,2
0,0.50174984236535,0.49385978002246267,0.58032482545015,-9179.0,2,0,0.9871,-23768,45,2
0,0.520897599048938,0.6742357458884205,0.4723675751774392,-3697.0,3,0,0.9831,-20768,45,3
0,0.722392890081304,0.49385978002246267,0.2547599571469118,-4907.0,2,0,0.9812677480916031,-20469,45,2
0,0.3910549766342248,0.7781429832289785,0.2175929541905976,-6964.0,2,0,0.9812677480916031,-19338,34,2
0,0.6347055309763198,0.49385978002246267,0.4304735393127989,-8322.0,1,0,0.9796,-15737,24,1
0,0.0456768096067446,0.3933234556614653,0.3207817003862623,-2117.0,2,0,0.9881,-15372,4,2
0,0.6658549219640212,0.49385978002246267,0.3612132416886601,-11648.0,1,0,0.9836,-22358,45,1
0,0.6879328378491735,0.49385978002246267,0.6829880316383781,-3849.0,2,0,0.9812677480916031,-9826,27,2
0,0.3217352821966848,0.5660674740526591,0.7209526163974687,-9751.0,2,0,0.9752,-22715,45,2
0,0.524496446363472,0.5737611529887549,0.4703024346785574,-9015.0,2,0,0.9806,-9149,39,2
0,0.2405414172860865,0.4738727340506944,0.7320357974520504,-8447.0,2,0,0.9861,-14865,9,2
0,0.5406544504453575,0.49385978002246267,0.5401081389778802,-1730.0,2,0,0.9812677480916031,-8541,4,2
0,0.50174984236535,0.6635570665822189,0.6667729246303692,-9689.0,2,0,0.9796,-15745,13,2
0,0.50174984236535,0.49385978002246267,0.5845103441468734,-6128.0,1,0,0.9856,-12493,6,1
0,0.6006575372857061,0.49385978002246267,0.5112830022318853,-13554.0,1,0,0.9806,-24010,45,1
0,0.3170317785834444,0.49385978002246267,0.3697528586944429,-6688.0,2,0,0.9812677480916031,-14849,23,2
0,0.4241303111942548,0.49385978002246267,0.6550958324327675,-490.0,2,0,0.9791,-17173,34,2
0,0.8625103025687644,0.6749401258423587,0.5112830022318853,-7375.0,2,0,0.9812677480916031,-20894,34,2
0,0.7062051096536562,0.49385978002246267,0.5125730922774981,-7930.0,2,0,0.9821,-22039,45,2
0,0.50174984236535,0.49385978002246267,0.7378545343024038,-10730.0,2,0,0.9791,-19655,34,2
0,0.4258928980051529,0.49385978002246267,0.4926330414366482,-3113.0,1,0,0.9772,-18276,33,1
0,0.4614823912998385,0.49385978002246267,0.6840712757018453,-2128.0,2,0,0.9772,-15795,23,2
0,0.3962195720630885,0.4060780249900333,0.5042440925828542,-11568.0,3,0,0.9812677480916031,-20064,34,3
0,0.0828147042440649,0.355398705314016,0.6769446800226714,-6256.0,3,0,0.9896,-12153,7,3
0,0.50174984236535,0.49385978002246267,0.7355342917719391,-201.0,2,0,0.9737,-24331,45,2
0,0.50174984236535,0.49385978002246267,0.3004323016798365,-9957.0,2,0,0.9812677480916031,-19178,34,2
0,0.816092360478441,0.3196967254487919,0.4307094474034326,-7987.0,2,0,0.9801,-14189,26,2
0,0.5814837058057234,0.4302072484045001,0.7200586793160676,-3024.0,2,0,0.9812677480916031,-13923,11,2
0,0.6279908192952864,0.6091365138012896,0.5271401856129523,-4737.0,2,0,0.9812677480916031,-18581,34,2
0,0.4650692149562261,0.3635826236231839,0.2670801522458581,-1021.0,2,0,0.9812677480916031,-9687,4,2
0,0.6161216908872079,0.49385978002246267,0.6356813944877007,-8099.0,2,0,0.9812677480916031,-15552,4,2
0,0.50174984236535,0.49385978002246267,0.5593374380345909,-7092.0,1,0,0.9826,-9653,20,1
0,0.7713615919194317,0.49385978002246267,0.7134395354287215,-4713.0,2,0,0.9812677480916031,-16884,39,2
0,0.5154953751603267,0.49385978002246267,0.657453727659047,-1962.0,2,0,0.9812677480916031,-16427,39,2
0,0.6263042766749393,0.49385978002246267,0.753416250003921,-1935.0,2,0,0.9812677480916031,-14143,45,2
0,0.4776491548517548,0.49385978002246267,0.7002965229888681,-8126.0,2,0,0.9886,-20120,19,2
0,0.4543210601605785,0.4420975648684083,0.6741695862533649,-5103.0,2,0,0.9812677480916031,-20370,4,2
0,0.6894791426446275,0.49385978002246267,0.6839436605642542,-7541.0,2,0,0.9846,-17355,36,2
0,0.50174984236535,0.491667931428926,0.422882996736408,-3967.0,2,0,0.9762,-10349,4,2
0,0.2176285202779586,0.4723258914895272,0.0628596215776614,-3905.0,2,0,0.9812677480916031,-18040,8,2
0,0.5797274227921155,0.7710127598415527,0.6016914001213907,-1575.0,2,0,0.9812677480916031,-23189,45,2
0,0.7449321846094795,0.49385978002246267,0.5589547198580581,-4606.0,2,0,0.9812677480916031,-14775,10,2
0,0.7946285827840042,0.465490861530574,0.7406449665455406,-9527.0,2,0,0.9871,-18622,4,2
0,0.3031463744186309,0.49385978002246267,0.6660680427215119,-9345.0,2,0,0.9811,-20362,26,2
0,0.2392262794694045,0.49385978002246267,0.3051085001546195,-611.0,2,0,0.9812677480916031,-10628,4,2
0,0.50174984236535,0.8397200803005876,0.2778071035101121,-1504.0,2,0,0.9812677480916031,-23094,45,2
0,0.7281412993111438,0.49385978002246267,0.1027145957648581,-3119.0,2,0,0.9812677480916031,-17100,4,2
0,0.7544061731797895,0.49385978002246267,0.2547599571469118,-8450.0,2,0,0.9871,-22179,45,2
0,0.5638350489514956,0.7940933611670371,0.6561820128474227,-12244.0,1,0,0.9722,-15975,39,1
0,0.6380435278721609,0.7355615372904901,0.6321392282020271,-9303.0,2,0,0.9851,-24773,45,2
0,0.0005272652387098,0.49385978002246267,0.1582991364620886,-7567.0,2,0,0.9812677480916031,-13987,4,2
0,0.6940926425266661,0.5838546847000811,0.7072757425047499,-2404.0,2,0,0.9796,-14303,2,2
0,0.470456116119975,0.49385978002246267,0.7284086177075163,-9971.0,2,0,0.9682,-21840,45,2
0,0.1245194708919845,0.49385978002246267,0.0969062631814001,-5018.0,3,0,0.9812677480916031,-11798,8,3
0,0.6940926425266661,0.49385978002246267,0.1339396159763309,-10884.0,2,0,0.9812677480916031,-18256,4,2
0,0.50174984236535,0.49385978002246267,0.7621613241634849,-3663.0,2,0,0.9812677480916031,-9621,23,2
0,0.3092753558842053,0.49385978002246267,0.6780340661114229,-7829.0,2,0,0.9732,-19827,35,2
0,0.2445163919946749,0.4677700936342576,0.7578658073651591,-387.0,1,0,0.9737,-15366,25,1
0,0.4776491548517548,0.49385978002246267,0.6937343915404074,-7753.0,2,0,0.9812677480916031,-16830,23,2
0,0.50174984236535,0.3692361403503993,0.5031781070732985,-407.0,3,0,0.9812677480916031,-17153,4,3
0,0.0655500263257595,0.0914636934435753,0.6143498554126762,-9732.0,3,0,0.9812677480916031,-18436,45,3
0,0.7503751495159068,0.49385978002246267,0.5748295372808809,-4836.0,2,0,0.9812677480916031,-11502,2,2
0,0.7180328113294772,0.49385978002246267,0.6167768569181634,-12316.0,1,0,0.9806,-21969,45,1
0,0.445396241560834,0.3908751703564493,0.4478197055157476,-4106.0,3,0,0.9866,-9235,4,3
0,0.2539628093363117,0.49385978002246267,0.1970401554489185,-1465.0,2,0,0.9812677480916031,-18293,34,2
0,0.7449321846094795,0.49385978002246267,0.6812526108331391,-9504.0,1,0,0.9871,-21581,22,1
0,0.622922000268356,0.49385978002246267,0.416476135180524,-3413.0,2,0,0.9812677480916031,-22835,45,2
0,0.50174984236535,0.49385978002246267,0.6330997806020999,-2701.0,2,0,0.9812677480916031,-21666,45,2
0,0.7407990879702335,0.49385978002246267,0.6751295617783118,-5990.0,2,0,0.9906,-21799,6,2
0,0.1566398270314114,0.49385978002246267,0.4875016973932199,-7211.0,2,0,0.9791,-13111,4,2
0,0.8590531292026357,0.293412826117514,0.5105568897819218,-7221.0,2,0,0.9856,-13312,3,2
0,0.434733248750173,0.49385978002246267,0.6514652214871497,-5756.0,3,0,0.9816,-11946,17,3
0,0.50174984236535,0.49385978002246267,0.3450459305201212,-3974.0,2,0,0.9732,-9194,4,2
0,0.0926171713748545,0.49385978002246267,0.6075983150993742,-6288.0,2,0,0.9812677480916031,-16920,39,2
0,0.4561097392782771,0.49385978002246267,0.4480576410593216,-9133.0,2,0,0.9812677480916031,-10082,33,2
0,0.5478104658520093,0.49385978002246267,0.6430176984151904,-1331.0,3,0,0.9812677480916031,-12718,23,3
0,0.4066174366275036,0.2173120609233292,0.4573220592382151,-9406.0,2,0,0.9742,-9821,4,2
0,0.3539876078507373,0.49385978002246267,0.4440106599146002,-66.0,2,0,0.9812677480916031,-18794,34,2
0,0.6075573001388961,0.49385978002246267,0.2500970074601813,-12559.0,2,0,0.9812677480916031,-25045,45,2
0,0.4365064990977374,0.5058189553930706,0.6529582575432853,-5198.0,1,0,0.9816,-17500,4,1
0,0.50174984236535,0.416311884384336,0.6176603162686264,-1322.0,2,0,0.9772,-10213,29,2
0,0.50174984236535,0.49385978002246267,0.5796482978269005,-2217.0,2,0,0.9812677480916031,-8452,8,2
0,0.50174984236535,0.49385978002246267,0.7598785245300099,-10822.0,3,0,0.9812677480916031,-23460,45,3
0,0.158554899794863,0.49385978002246267,0.0436633165844377,-274.0,2,0,0.9876,-8704,24,2
0,0.6754132910917112,0.49385978002246267,0.7587155069864664,-10091.0,2,0,0.9812677480916031,-22218,34,2
0,0.4722533429586386,0.4413520532593298,0.6287665187050002,-3933.0,3,0,0.9812677480916031,-9260,4,3
0,0.8128226070575616,0.49385978002246267,0.5752089489998942,-4404.0,2,0,0.9812677480916031,-20082,34,2
0,0.7394117535524816,0.2593797989848677,0.5584856598435815,-746.0,2,0,0.9747,-10329,34,2
0,0.7309873696832169,0.49385978002246267,0.648549986642014,-365.0,2,0,0.9777,-20029,45,2
0,0.2692857999073816,0.2749841940483491,0.591196451629396,-367.0,3,0,0.9955,-10783,4,3
0,0.6496203111237195,0.49385978002246267,0.7528389120797729,-1808.0,3,0,0.9777,-23429,45,3
0,0.7898803468924867,0.49385978002246267,0.7402162811455522,-2011.0,1,0,0.9687,-14728,24,1
0,0.3910549766342248,0.49385978002246267,0.6149403159438146,-2781.0,3,0,0.9812677480916031,-10110,0,3
0,0.2055981385493208,0.6466349577420749,0.2130669435767593,-8410.0,2,0,0.9717,-20255,45,2
0,0.50174984236535,0.49385978002246267,0.7218930964929848,-10263.0,1,0,0.9861,-23523,45,1
0,0.4311917977993083,0.3782024951560526,0.5894459596967629,-6877.0,2,0,0.9861,-10059,4,2
0,0.2807895743848605,0.49385978002246267,0.6397181183052103,-7298.0,2,0,0.9891,-10134,34,2
0,0.0705805188315975,0.3474167044891447,0.0134124884765541,-2026.0,2,0,0.9812677480916031,-8727,18,2
0,0.50174984236535,0.1421272209345993,0.2448923209516496,-8551.0,2,0,0.9812677480916031,-15151,39,2
0,0.7121551551910698,0.8986898956306251,0.5710413543722184,-9344.0,2,0,0.9812677480916031,-22099,31,2
0,0.228883416700673,0.5860973010507216,0.5018770199054567,-4106.0,2,0,0.9812677480916031,-18988,26,2
0,0.4258928980051529,0.49385978002246267,0.7255614468859111,-2642.0,2,0,0.9886,-16926,4,2
0,0.7380196196295241,0.1372799559296532,0.7512404268670884,-5194.0,2,0,0.9812677480916031,-11221,32,2
0,0.4507472818545589,0.49385978002246267,0.6623124897813153,-12531.0,2,0,0.9812677480916031,-21968,45,2
0,0.520897599048938,0.49385978002246267,0.7090879219235974,-1415.0,2,0,0.9806,-15971,39,2
0,0.7435593141311444,0.49385978002246267,0.184591369377594,-5470.0,2,0,0.9812677480916031,-15348,5,2
0,0.3893387918468769,0.49385978002246267,0.6968430582552787,-6331.0,2,0,0.9871,-21934,45,2
0,0.6092756673894402,0.2041755599263202,0.7907202332438442,-810.0,1,0,0.9767,-12767,4,1
0,0.7557400501752248,0.7363808666181529,0.61834175372727,-8072.0,2,0,0.9812677480916031,-17520,31,2
0,0.5028782772082183,0.49385978002246267,0.0808236477540624,-4940.0,2,0,0.9812677480916031,-15007,34,2
0,0.41534714488434,0.4381071908620834,0.5493110109773539,-2923.0,2,0,0.9891,-8196,4,2
0,0.50174984236535,0.49385978002246267,0.7531724151295772,-1425.0,2,0,0.9702,-11978,44,2
0,0.1614630800057724,0.49385978002246267,0.1856006799869796,-839.0,2,0,0.9812677480916031,-12859,29,2
0,0.2079641743053816,0.49385978002246267,0.6831016527539687,-1159.0,2,0,0.9812677480916031,-15561,26,2
0,0.5460231970049609,0.49385978002246267,0.6300365990597797,-4543.0,2,0,0.9762,-12108,19,2
0,0.746300213050371,0.6482430802874312,0.0753977672919751,-6935.0,3,0,0.9812677480916031,-18809,30,3
0,0.2512394458905693,0.49385978002246267,0.2609235978532316,-809.0,2,0,0.9812677480916031,-8407,43,2
0,0.4507472818545589,0.7785242542649362,0.5320104510479761,-195.0,2,0,0.9995,-11125,4,2
0,0.50174984236535,0.7339766802356998,0.53208122875472,-972.0,2,0,0.9985,-15770,34,2
0,0.2764406945454034,0.4085726168291593,0.672278976201302,-1913.0,2,0,0.9777,-13786,24,2
0,0.4489622731076524,0.49385978002246267,0.6617155556822537,-5358.0,2,0,0.9816,-15881,34,2
0,0.7295666907060153,0.49385978002246267,0.5773021227274686,-4026.0,3,0,0.9812677480916031,-23643,45,3
0,0.3360615207658242,0.4313820556388792,0.6163167389924147,-10482.0,2,0,0.9812677480916031,-14064,39,2
0,0.7394117535524816,0.49385978002246267,0.3387921899637066,-534.0,1,0,0.9985,-17725,26,1
0,0.7700870700124128,0.49385978002246267,0.5902924046956342,-11311.0,2,0,0.9812677480916031,-18842,31,2
0,0.50174984236535,0.49385978002246267,0.6343180066644486,-1958.0,2,0,0.9812677480916031,-19755,26,2
0,0.4525335592581747,0.49385978002246267,0.2162038154478448,-11151.0,2,0,0.9831,-24200,45,2
0,0.5814837058057234,0.8459003062063637,0.7354236791817218,-1217.0,1,0,0.9812677480916031,-21196,45,1
0,0.3556387169923543,0.4229336958439195,0.6308263046634492,-26.0,2,0,0.9856,-16334,39,2
0,0.50174984236535,0.49385978002246267,0.6225489936318451,-4409.0,1,0,0.9886,-19933,32,1
0,0.3927738606031339,0.5055339178941789,0.3913526034955394,-1595.0,2,0,0.9861,-13136,2,2
0,0.7380196196295241,0.49385978002246267,0.7353343166231039,-8838.0,2,0,0.9856,-16542,4,2
0,0.50174984236535,0.4989862770427938,0.1114133492903066,-350.0,2,0,0.9881,-15934,20,2
0,0.50174984236535,0.49385978002246267,0.7219238269286762,-12583.0,2,0,0.9826,-22465,45,2
0,0.2020866016820394,0.49385978002246267,0.6261647211113526,-3391.0,2,0,0.9816,-15234,16,2
0,0.4382813743111921,0.49385978002246267,0.4490312602624501,-1944.0,1,0,0.9812677480916031,-17384,4,1
0,0.3706496323299817,0.49385978002246267,0.429192683419701,-658.0,2,0,0.9816,-17666,34,2
0,0.5442347412142162,0.49385978002246267,0.6721344239266965,-13321.0,2,0,0.9812677480916031,-20712,2,2
0,0.50174984236535,0.49385978002246267,0.4862342531838018,-5189.0,2,0,0.9856,-20542,45,2
0,0.6817058776720116,0.49385978002246267,0.7230024552634846,-6171.0,2,0,0.9767,-24381,45,2
0,0.4436153084085652,0.49385978002246267,0.5538380847707162,-12249.0,3,0,0.9826,-22919,45,3
0,0.7121551551910698,0.49385978002246267,0.462580012666611,-784.0,2,0,0.994,-12109,23,2
0,0.50174984236535,0.49385978002246267,0.6114860487126138,-678.0,1,0,0.9812677480916031,-20840,45,1
0,0.50174984236535,0.4528059315060268,0.1994488000058947,-3688.0,3,0,0.9747,-13694,34,1
0,0.50174984236535,0.5328538666738761,0.2678685099398306,-1339.0,2,0,0.9812677480916031,-14602,4,2
0,0.50174984236535,0.49385978002246267,0.1424803630320126,-4054.0,2,0,0.9777,-11443,3,2
0,0.8027454758994178,0.49385978002246267,0.672264522443698,-1428.0,2,0,0.9812677480916031,-15308,4,2
0,0.6127042441012546,0.49385978002246267,0.4989194398889386,-802.0,2,0,0.9812677480916031,-22914,45,2
0,0.7662336700704004,0.49385978002246267,0.4604877181545585,-2271.0,2,0,0.9812677480916031,-16465,16,2
0,0.7421816117614419,0.49385978002246267,0.6817035474878581,-6929.0,2,0,0.9812677480916031,-15505,34,2
0,0.7850520263728172,0.6434412131639083,0.1990789509371643,-3644.0,3,0,0.9812677480916031,-17855,23,3
0,0.4776491548517548,0.3887704967159405,0.5240976759902313,-12236.0,2,0,0.9826,-14461,4,2
0,0.3979463219016906,0.49385978002246267,0.6382754180124531,-9815.0,1,0,0.9762,-19582,22,1
0,0.6832688314232291,0.49385978002246267,0.3526955561086213,-2936.0,2,0,0.9811,-8111,3,2
0,0.1309471529360181,0.5577466549044136,0.6489785201674048,-1768.0,2,0,0.9628,-14249,4,2
0,0.50174984236535,0.426501636448574,0.340936165470874,-4545.0,2,0,0.9737,-10549,4,2
0,0.6178261467332483,0.49385978002246267,0.2746462552988685,-6366.0,2,0,0.9856,-12226,4,2
0,0.190705947811054,0.2019582953372524,0.3954124290170684,-8596.0,2,0,0.9812677480916031,-8596,4,2
0,0.6347055309763198,0.49385978002246267,0.6680301339533423,-8686.0,1,0,0.9717,-23013,45,1
0,0.5884877883422673,0.49385978002246267,0.7217042780218246,-6199.0,1,0,0.9876,-16663,45,1
0,0.2580842039460289,0.4439122906035486,0.6899394474294182,-4895.0,2,0,0.9901,-10996,38,2
0,0.646329897706246,0.49385978002246267,0.5492785284297838,-9759.0,3,0,0.9871,-22035,45,3
0,0.2692857999073816,0.49385978002246267,0.0533210317260649,-704.0,2,0,0.9812677480916031,-21336,45,2
0,0.324891229465852,0.1534228696259565,0.5614491922907601,-122.0,3,0,0.9791,-8133,26,3
0,0.237916079507114,0.49385978002246267,0.7687604167915286,-5582.0,2,0,0.9861,-17660,8,2
0,0.7713615919194317,0.2876553360305268,0.6921058359492477,-6758.0,1,0,0.9782,-15156,39,1
0,0.3672910183026313,0.4599661570179212,0.5576712968260749,-8525.0,2,0,0.9727,-14563,27,2
0,0.5779691187553125,0.49385978002246267,0.4623625687820145,-5407.0,2,0,0.9812677480916031,-20716,45,2
0,0.4329616670974407,0.7316245202006412,0.4344505740554641,-11224.0,2,0,0.9791,-15092,4,2
0,0.7910749129911773,0.49385978002246267,0.5787955537144412,-8794.0,2,0,0.9876,-17519,34,2
0,0.50174984236535,0.49385978002246267,0.0335213315480106,-5079.0,3,0,0.9687,-10278,45,3
0,0.50174984236535,0.2408767313072168,0.6414601137270487,-1486.0,2,0,0.9812677480916031,-14739,26,2
0,0.50174984236535,0.7948684255867825,0.2622583692422573,-7712.0,2,0,0.9891,-18386,45,2
0,0.50174984236535,0.7764076503184228,0.5542217019472374,-6491.0,3,0,0.9836,-12388,4,3
0,0.646329897706246,0.7893239708236773,0.6019848460932576,-7442.0,2,0,0.9707,-14761,22,2
0,0.6430255641096323,0.8273252573530521,0.596002221773888,-1229.0,2,0,0.9801,-16609,4,2
0,0.4812493411434029,0.49385978002246267,0.6710154519449951,-1589.0,2,0,0.9816,-16911,4,2
0,0.6817058776720116,0.49385978002246267,0.6651578918730671,-7319.0,2,0,0.9812677480916031,-13991,22,2
0,0.2896112383820055,0.49385978002246267,0.6144327474154886,-5769.0,2,0,0.9812677480916031,-14615,34,2
0,0.4902575124990026,0.49385978002246267,0.7701452890705099,-300.0,3,0,0.9812677480916031,-19865,31,3
0,0.5989262182569273,0.2619572609354184,0.6923294650789737,-3052.0,2,0,0.9812677480916031,-18377,4,2
0,0.8327850252992314,0.49385978002246267,0.61242075539775,-1388.0,2,0,0.9812677480916031,-14201,39,2
0,0.5028782772082183,0.49385978002246267,0.50490553147581,-4065.0,2,0,0.9812677480916031,-22358,45,2
0,0.4776491548517548,0.49385978002246267,0.5586743747450202,-5792.0,2,0,0.9737,-20737,6,2
0,0.6023863442690867,0.49385978002246267,0.7981158955651847,-7901.0,2,0,0.9846,-13926,28,1
0,0.4794489811780563,0.2796788587146393,0.4860594468178656,-1180.0,2,0,0.9812677480916031,-11658,34,2
0,0.6894791426446275,0.49385978002246267,0.661382614572183,-9036.0,2,0,0.9812677480916031,-17077,2,2
0,0.6785676886853644,0.2108032828946852,0.5470470701273984,-4846.0,2,0,0.9812677480916031,-11156,4,2
0,0.50174984236535,0.49385978002246267,0.5251284151246192,-10255.0,2,0,0.9856,-20783,45,2
0,0.7662336700704004,0.6215055042748568,0.5537354157562401,-5099.0,2,0,0.993,-17109,23,2
0,0.4848514754962666,0.49385978002246267,0.5820547170163735,-2142.0,3,0,0.9861,-13400,3,1
0,0.6195277080511546,0.49385978002246267,0.4919006527923214,-2648.0,2,0,0.9812677480916031,-19542,4,2
0,0.6658549219640212,0.5622029797466279,0.3102602865378536,-8192.0,2,0,0.9856,-15191,34,2
0,0.6658549219640212,0.49385978002246267,0.7288366851128361,-12419.0,2,0,0.9831,-20509,45,2
0,0.6940926425266661,0.2994021415060613,0.3674118191788127,-8341.0,2,0,0.9812677480916031,-14386,22,2
0,0.7180328113294772,0.49385978002246267,0.522908526661574,-3.0,2,0,0.9812677480916031,-21204,45,2
0,0.6848276586890367,0.49385978002246267,0.6456236320194642,-6880.0,2,0,0.9812677480916031,-16124,4,2
0,0.2622489709189549,0.4659857493309372,0.3106816110901195,-5298.0,1,0,0.9851,-11031,4,1
0,0.2837118826350007,0.49385978002246267,0.4696269858965164,-3878.0,3,0,0.9841,-15396,34,3
0,0.6910212267577837,0.6592514871217829,0.5327617173278176,-4728.0,2,0,0.9812677480916031,-13881,8,2
0,0.6706517530862718,0.49385978002246267,0.1202884015981341,-2278.0,2,0,0.9812677480916031,-22596,45,2
0,0.3233112448967859,0.6794636145277283,0.6483306442821828,-10047.0,3,0,0.9782,-16333,35,3
0,0.190705947811054,0.8610507272619149,0.5772380867496166,-10436.0,2,0,0.9812677480916031,-17947,4,2
0,0.6738300778602003,0.4745868323722816,0.6580100089987123,-1144.0,2,0,0.9812677480916031,-13487,34,2
0,0.7662336700704004,0.4044460324787015,0.6960108886770193,-5592.0,2,0,0.9812677480916031,-12060,4,2
0,0.7338145369642702,0.49385978002246267,0.6759539657003344,-8925.0,2,0,0.9812677480916031,-16669,31,2
0,0.5620604831738043,0.49385978002246267,0.4173213601954786,-12137.0,2,0,0.9812677480916031,-22979,45,2
0,0.622922000268356,0.49385978002246267,0.7009157519407901,-1201.0,2,0,0.9812677480916031,-23756,45,2
0,0.2807895743848605,0.197614294444454,0.1021456352368414,-4619.0,1,0,0.9812677480916031,-10048,4,1
0,0.3046721837533529,0.49385978002246267,0.3600233143866288,-3850.0,2,0,0.9812677480916031,-20611,10,2
0,0.746300213050371,0.49385978002246267,0.5085676702361243,-1121.0,2,0,0.9812677480916031,-14993,22,2
0,0.3859146722745145,0.3635683061033878,0.2611809167962517,-6074.0,2,0,0.9812677480916031,-12199,23,2
0,0.50174984236535,0.49385978002246267,0.523824958975238,-6243.0,2,0,0.9881,-14066,4,2
0,0.5478104658520093,0.49385978002246267,0.7198338192175998,-10877.0,2,0,0.9782,-17773,23,2
0,0.2822484337007223,0.49385978002246267,0.6117249965128135,-6566.0,2,0,0.9812677480916031,-13785,8,2
0,0.6092756673894402,0.4999453626629245,0.4718334875478598,-2337.0,2,0,0.9812677480916031,-13755,31,2
0,0.6658549219640212,0.856473019646632,0.6242072812328338,-8459.0,2,0,0.9812677480916031,-16793,31,2
0,0.0280779002753596,0.4512360402257343,0.7237026152366629,-9048.0,1,0,0.9812677480916031,-21499,4,1
0,0.5172965813614878,0.3270558175384751,0.6040630558340391,-7143.0,2,0,0.9821,-13153,34,2
0,0.470456116119975,0.7804720408662611,0.6783585970330777,-3156.0,2,0,0.9812677480916031,-17795,4,2
0,0.3185955240537633,0.49385978002246267,0.6365014202304112,-5128.0,1,0,0.9812677480916031,-10499,2,1
0,0.50174984236535,0.49385978002246267,0.6281895480194958,-3684.0,2,0,0.9801,-25117,45,2
0,0.50174984236535,0.49385978002246267,0.0997345597603164,-5324.0,2,0,0.9812677480916031,-14718,0,2
0,0.0790596959945767,0.598944413813125,0.4081678546873465,-4852.0,2,0,0.9812677480916031,-11717,39,2
0,0.7726311345553628,0.49385978002246267,0.6677633584785417,-1264.0,2,0,0.9812677480916031,-15678,4,2
0,0.4902575124990026,0.1196147920668966,0.1537155960982233,-3825.0,3,0,0.9812677480916031,-9312,0,3
0,0.6785676886853644,0.49385978002246267,0.24539004402626,-6026.0,2,0,0.9916,-19423,4,2
0,0.50174984236535,0.49385978002246267,0.4161838757550156,-10654.0,2,0,0.9742,-23373,31,2
0,0.4578995512067301,0.6590290538129816,0.5430615496097092,-12204.0,2,0,0.9812677480916031,-19750,31,2
0,0.7826078370261895,0.49385978002246267,0.5856835312511854,-1181.0,2,0,0.9812677480916031,-22991,45,2
0,0.6263042766749393,0.49385978002246267,0.2117280772961869,-2467.0,2,0,0.9812677480916031,-23035,45,2
0,0.8050196619153701,0.4385206768261036,0.6064037307010766,-6203.0,2,0,0.9812677480916031,-12108,23,2
0,0.50174984236535,0.49385978002246267,0.2887008152374244,-1653.0,2,0,0.9812677480916031,-19232,0,2
0,0.4329616670974407,0.5103060202412929,0.6122027309034976,-2276.0,1,0,0.9812677480916031,-11577,23,1
0,0.3425288720742255,0.8700937583321745,0.6961404217687601,-6010.0,2,0,0.9742,-20311,45,2
0,0.50174984236535,0.49385978002246267,0.5299573486819247,-419.0,2,0,0.9985,-9748,34,2
0,0.5424451438613613,0.49385978002246267,0.4751752715022467,-6200.0,2,0,0.9777,-23677,45,2
0,0.2431864804420123,0.49385978002246267,0.2020662899680655,-8597.0,2,0,0.9841,-16050,34,2
0,0.3706496323299817,0.49385978002246267,0.6156546312107966,-633.0,2,0,0.9812677480916031,-21280,45,2
0,0.6690566947824041,0.49385978002246267,0.6351140017522972,-3019.0,2,0,0.9796,-16133,34,2
0,0.50174984236535,0.49385978002246267,0.4897802123252981,-4617.0,1,0,0.9782,-9776,4,1
0,0.8128226070575616,0.49385978002246267,0.6460287838829192,-12284.0,2,0,0.9826,-22652,45,2
0,0.5406544504453575,0.49385978002246267,0.3221602052284073,-1478.0,2,0,0.9767,-18961,3,2
0,0.5867400085415683,0.49385978002246267,0.3944613855192159,-3289.0,3,0,0.9812677480916031,-9601,3,3
0,0.5832379256761245,0.49385978002246267,0.4298463920710144,-11693.0,2,0,0.9841,-20701,45,2
0,0.5082869913916046,0.49385978002246267,0.4535202477470193,-5476.0,2,0,0.9812677480916031,-21195,31,2
0,0.50174984236535,0.7982347527261489,0.7906514699104087,-9603.0,2,0,0.9851,-18100,34,2
0,0.2735646775174348,0.5595621487679543,0.5824855468818982,-1616.0,2,0,0.9812677480916031,-8328,34,2
0,0.7503751495159068,0.49385978002246267,0.1078068707327588,-4399.0,2,0,0.9871,-9535,4,2
0,0.7121551551910698,0.2112153421661514,0.4643853386211296,-4342.0,2,0,0.9812677480916031,-11220,4,2
0,0.7091891096653581,0.49385978002246267,0.6715848276788119,-1148.0,2,0,0.9812677480916031,-24412,45,2
0,0.6545292802242897,0.5440746352941693,0.479125016950704,-945.0,2,0,0.9786,-15059,2,2
0,0.8327850252992314,0.49385978002246267,0.2622583692422573,-11578.0,2,0,0.9812677480916031,-22946,4,2
0,0.6347055309763198,0.49385978002246267,0.5492677008205712,-10490.0,2,0,0.9812677480916031,-20884,45,2
0,0.5585066276769286,0.49385978002246267,0.5558526987179461,-1088.0,2,0,0.9985,-15967,2,2
0,0.50174984236535,0.5231237340207435,0.6687232453426913,-3276.0,2,0,0.9812677480916031,-16568,26,2
0,0.5797274227921155,0.7518632452479399,0.7129967330317484,-3271.0,1,0,0.9812677480916031,-18546,28,1
0,0.6738300778602003,0.2510797774054604,0.2786019027521863,-8690.0,2,0,0.9812677480916031,-8690,8,2
0,0.4902575124990026,0.7199676089095922,0.5589008102499257,-1304.0,2,0,0.9772,-15534,4,2
0,0.50174984236535,0.49385978002246267,0.5347099536539216,-4466.0,2,0,0.9812677480916031,-10061,0,2
0,0.50174984236535,0.49385978002246267,0.5482334505913372,-30.0,2,0,0.9821,-23913,45,2
0,0.7194907850918436,0.8662567857704225,0.6492126173106391,-9434.0,2,0,0.9871,-22510,4,2
0,0.0608545969659239,0.1849610232975417,0.3766738136286316,-4018.0,2,0,0.9806,-9245,1,2
0,0.2263473957097693,0.3593532473563934,0.4014135422514735,-3311.0,2,0,0.9812677480916031,-11211,18,2
0,0.5442347412142162,0.6149964548077721,0.6986416673537691,-2674.0,2,0,0.9812677480916031,-15483,4,2
0,0.50174984236535,0.2459262103852248,0.6113353801546187,-4896.0,2,0,0.9812677480916031,-10778,37,2
0,0.5424451438613613,0.505721733716184,0.7656006070933676,-1114.0,2,0,0.9812677480916031,-12322,4,2
0,0.2940831009471255,0.49385978002246267,0.5288949967984148,-10678.0,2,0,0.9821,-19876,45,2
0,0.50174984236535,0.49385978002246267,0.4895725588578218,-1982.0,3,0,0.9782,-17036,45,3
0,0.8027454758994178,0.8583748754499582,0.4933927913869214,-2431.0,2,0,0.9791,-14042,3,2
0,0.6413682574954046,0.49385978002246267,0.5810276681633115,-8711.0,2,0,0.9747,-19231,8,2
0,0.50174984236535,0.49385978002246267,0.0985432414297776,-6358.0,1,0,0.9518,-12409,8,1
0,0.50174984236535,0.49385978002246267,0.1391888899817052,-9776.0,2,0,0.9866,-16815,34,2
0,0.4507472818545589,0.49385978002246267,0.6019219709765992,-1039.0,2,0,0.9801,-17641,37,2
0,0.7295666907060153,0.6070847255205366,0.3187364158334174,-6325.0,2,0,0.9791,-12174,4,2
0,0.0790596959945767,0.49385978002246267,0.4127185150945686,-1807.0,2,0,0.9811,-10971,4,2
0,0.5064842396679806,0.49385978002246267,0.6686118151614913,-11162.0,1,0,0.9791,-22694,45,1
0,0.3689687382528466,0.4241833079445761,0.0070479298310945,-971.0,2,0,0.9812677480916031,-14263,22,2
0,0.5262949398096192,0.49385978002246267,0.5528868708153017,-1392.0,1,0,0.9881,-20674,45,1
0,0.3606125659189888,0.2198363981643339,0.7457573707824604,-2773.0,1,0,0.9801,-15563,6,1
0,0.3656165070113335,0.1612860475002832,0.6505610083327016,-200.0,1,0,0.9772,-9351,24,1
0,0.3139166772114369,0.745365837315173,0.4658487746698609,-240.0,2,0,0.9812677480916031,-11066,15,2
0,0.7610263695502636,0.49385978002246267,0.6272952882582804,-4643.0,2,0,0.9812677480916031,-15906,22,2
0,0.50174984236535,0.49385978002246267,0.4142086959218187,-10655.0,2,0,0.9812677480916031,-19565,23,2
0,0.7826078370261895,0.49385978002246267,0.6086197327640401,-1829.0,2,0,0.9812677480916031,-14340,34,2
0,0.3092753558842053,0.5176104687959989,0.6798454115702579,-469.0,2,0,0.9856,-14452,8,2
0,0.8633633824101478,0.49385978002246267,0.4126549128665547,-6709.0,2,0,0.9812677480916031,-12613,4,2
0,0.4507472818545589,0.49385978002246267,0.6561672122450765,-9025.0,1,0,0.9861,-15037,32,1
0,0.50174984236535,0.49385978002246267,0.5279304812240619,-8634.0,2,0,0.9851,-14554,3,2
0,0.2678689358444539,0.49385978002246267,0.6229188929342517,-5527.0,3,0,0.9812677480916031,-19061,26,3
0,0.4418358231994413,0.5035540334173281,0.5160471758064935,-4278.0,2,0,0.9841,-16197,8,2
0,0.50174984236535,0.560361509866771,0.6515595546492498,-5109.0,2,0,0.9826,-16977,38,2
0,0.5673792367572691,0.49385978002246267,0.5286062093512361,-6040.0,2,0,0.9866,-20575,45,2
0,0.4489622731076524,0.2518934529840327,0.7195426600951673,-1918.0,2,0,0.9777,-12057,4,2
0,0.3807996826489149,0.49385978002246267,0.157650475094499,-3298.0,2,0,0.9812677480916031,-10894,35,2
0,0.6413682574954046,0.6182312511979939,0.5076986640501407,-5413.0,3,0,0.9876,-11584,23,3
0,0.6610235391308081,0.49385978002246267,0.4694472480075251,-2923.0,2,0,0.9806,-22181,0,2
0,0.470456116119975,0.49385978002246267,0.1681589920321038,-4630.0,2,0,0.9722,-19313,43,2
0,0.7091891096653581,0.49385978002246267,0.5301425517518144,-1056.0,2,0,0.9812677480916031,-19850,0,2
0,0.50174984236535,0.49385978002246267,0.5955545868819422,-6707.0,2,0,0.9801,-20285,42,2
0,0.50174984236535,0.127828889648508,0.0003199441528716,-1116.0,3,0,0.9812677480916031,-10981,6,3
0,0.221335206354466,0.49385978002246267,0.5995512425622918,-4226.0,2,0,0.9782,-9647,34,2
0,0.6769925032909132,0.49385978002246267,0.0708361093695409,-6299.0,2,0,0.9871,-12219,26,2
0,0.3774042489507649,0.8790425393576271,0.6784349322474422,-11460.0,2,0,0.9812677480916031,-23110,45,2
0,0.4418358231994413,0.49385978002246267,0.2068572824065349,-4959.0,2,0,0.9796,-23005,45,2
0,0.1714683668967994,0.49385978002246267,0.6031788317585347,-9478.0,2,0,0.9796,-10115,31,2
0,0.50174984236535,0.49385978002246267,0.5845103441468734,-790.0,2,0,0.9712,-23465,21,2
0,0.5779691187553125,0.49385978002246267,0.2864383815269289,-10703.0,2,0,0.9851,-21268,45,2
0,0.5154953751603267,0.49385978002246267,0.4458954785382173,-10558.0,2,0,0.9812677480916031,-10586,20,2
0,0.6894791426446275,0.8919551054107977,0.7177076630328738,-5739.0,2,0,0.9812677480916031,-21830,45,2
0,0.1054731864873376,0.186450102936966,0.480374881914989,-4768.0,3,0,0.9747,-10860,4,3
0,0.50174984236535,0.49385978002246267,0.6545916887757199,-1099.0,2,0,0.9812677480916031,-8740,4,2
0,0.3001077565791181,0.4636394919717756,0.5876879009390755,-3350.0,2,0,0.9861,-12101,4,2
0,0.50174984236535,0.49385978002246267,0.6022939330997835,-3377.0,2,0,0.9812677480916031,-10748,4,2
0,0.6347055309763198,0.49385978002246267,0.2253213931744073,-10047.0,3,0,0.9812677480916031,-20421,45,3
0,0.3962195720630885,0.49385978002246267,0.7427062773968199,-11531.0,2,0,0.9851,-20730,22,2
0,0.7838324335199619,0.49385978002246267,0.7337908425130115,-5097.0,2,0,0.9772,-14915,34,2
0,0.4031416766587513,0.49385978002246267,0.7479197144623475,-10847.0,2,0,0.9812677480916031,-18114,34,2
0,0.4048783643353997,0.6640009399445057,0.1707007858577975,-145.0,2,0,0.9812677480916031,-20635,45,2
0,0.7281412993111438,0.6812129953864796,0.3523960700523879,-2007.0,2,0,0.9812677480916031,-16032,4,2
0,0.50174984236535,0.49385978002246267,0.6752398648648494,-8873.0,2,0,0.9841,-18476,4,2
0,0.8245949709919925,0.49385978002246267,0.4530812920601121,-9405.0,2,0,0.9812677480916031,-21823,45,2
0,0.50174984236535,0.5062719141043864,0.6869846355148185,-1152.0,2,0,0.9846,-11133,4,2
0,0.6127042441012546,0.49385978002246267,0.1955876466853785,-1766.0,3,0,0.9826,-22438,45,3
0,0.5495965024956946,0.2175376690565508,0.4952458276480614,-11008.0,2,0,0.9812677480916031,-11260,26,2
0,0.3328505641648731,0.6989237436727317,0.2396776227242067,-5117.0,3,0,0.9777,-11334,4,3
0,0.50174984236535,0.49385978002246267,0.3860475435093553,-1415.0,2,0,0.9812677480916031,-12767,34,2
0,0.2263473957097693,0.49385978002246267,0.6263387445759298,-8799.0,2,0,0.9767,-9006,34,2
0,0.2837118826350007,0.49385978002246267,0.6867635833661696,-3019.0,3,0,0.9812677480916031,-14577,3,3
0,0.6397075677637197,0.49385978002246267,0.4254894990170285,-6465.0,3,0,0.9812677480916031,-12540,4,3
0,0.7001838506835805,0.855387351287649,0.6296848284583305,-6916.0,2,0,0.9796,-17583,4,2
0,0.6279908192952864,0.49385978002246267,0.7022983299250702,-6434.0,3,0,0.9796,-12407,3,3
0,0.7826078370261895,0.49385978002246267,0.6491030488561069,-2487.0,2,0,0.9722,-14680,37,2
0,0.511891801533151,0.8869220162947071,0.7055705460309221,-2996.0,2,0,0.9812677480916031,-15114,33,2
0,0.50174984236535,0.5238139017978836,0.1926831648482327,-9654.0,2,0,0.9812677480916031,-12969,26,2
0,0.4525335592581747,0.2591200762123813,0.4189014751055328,-5875.0,2,0,0.9812677480916031,-12952,31,2
0,0.6347055309763198,0.49385978002246267,0.4391037949534863,-725.0,1,0,0.9812677480916031,-13632,4,1
0,0.2851799046358216,0.1007565793048554,0.4376017186457843,-4692.0,2,0,0.9812677480916031,-7833,2,2
0,0.4014074137749511,0.49385978002246267,0.6316865406392935,-8805.0,2,0,0.9871,-14685,13,2
0,0.1124743496556148,0.49385978002246267,0.5112453910901844,-2203.0,2,0,0.9812677480916031,-12839,4,2
0,0.1268975261602733,0.49385978002246267,0.6298377891357363,-7652.0,2,0,0.9812677480916031,-17423,4,2
0,0.2970866116472028,0.7283717222464545,0.1295130428238426,-11377.0,3,0,0.9812677480916031,-19110,26,3
0,0.50174984236535,0.7485719234218045,0.7215109869132493,-3860.0,1,0,0.9812677480916031,-19488,45,1
0,0.50174984236535,0.49385978002246267,0.592649033177264,-12244.0,2,0,0.9812677480916031,-20920,32,2
0,0.50174984236535,0.49385978002246267,0.4990397110904863,-846.0,2,0,0.9856,-8823,6,2
0,0.50174984236535,0.49385978002246267,0.5133707216332285,-6970.0,2,0,0.9812677480916031,-22332,45,2
0,0.7751552674785404,0.49385978002246267,0.7254395091596776,-7934.0,1,0,0.9881,-19292,3,1
0,0.3457848024695955,0.8329266932265211,0.6186049118693114,-6896.0,2,0,0.9856,-12825,23,2
0,0.6832688314232291,0.7565790075409272,0.5888319554112929,0.0,2,0,0.9812677480916031,-21556,31,2
0,0.3170317785834444,0.49385978002246267,0.2609657700446789,-7427.0,2,0,0.9812677480916031,-8774,26,2
0,0.50174984236535,0.5833133578853362,0.553340908025814,-10339.0,2,0,0.9812677480916031,-17691,17,2
0,0.7490217048463391,0.49385978002246267,0.6077703546884663,-7871.0,2,0,0.9598,-15532,34,2
0,0.4866531565147181,0.4006109380309968,0.5534435946077892,-9555.0,3,0,0.9812677480916031,-9555,26,3
0,0.5832379256761245,0.49385978002246267,0.7161810967723663,-1184.0,2,0,0.9801,-24922,45,2
0,0.7801436381572275,0.3473525767172327,0.6063828532419491,-10178.0,2,0,0.9812677480916031,-12133,35,2
0,0.3392876999089139,0.4811769299278734,0.522002852709064,-2671.0,2,0,0.9772,-15625,45,2
0,0.501075160239048,0.8122937104951027,0.5972810475603362,-8578.0,1,0,0.9876,-20350,45,1
0,0.7281412993111438,0.49385978002246267,0.4676612006879494,-3796.0,3,0,0.9717,-14350,39,1
0,0.5971924268337128,0.49385978002246267,0.2135549983295056,-12151.0,2,0,0.9831,-22976,45,2
0,0.50174984236535,0.49385978002246267,0.5743645041597051,-1404.0,2,0,0.9812677480916031,-18877,4,2
0,0.5531646987710016,0.3863450786899608,0.6899254133176632,-2819.0,2,0,0.9812677480916031,-11233,24,2
0,0.2366108235287817,0.7009881135345707,0.6768681595376546,-4483.0,2,0,0.997,-11718,4,2
0,0.6894791426446275,0.49385978002246267,0.7438120894709225,-6503.0,2,0,0.9812677480916031,-23880,8,2
0,0.6894791426446275,0.3936082453936341,0.6932649307850541,-3238.0,2,0,0.9812677480916031,-12441,3,2
0,0.0790596959945767,0.49385978002246267,0.7020193643210785,-8476.0,2,0,0.9812677480916031,-20770,4,2
0,0.6380435278721609,0.6517983884483122,0.5124638229042106,-5704.0,2,0,0.9841,-12209,3,2
0,0.4294236843421945,0.6697662444138901,0.5564356788955259,-7819.0,3,0,0.9836,-22220,32,3
0,0.25533177083329,0.49385978002246267,0.5735570657403241,-54.0,2,0,0.9812677480916031,-14057,34,2
0,0.445396241560834,0.2283675594297133,0.4558191551190245,-918.0,2,0,0.9812677480916031,-13993,26,2
0,0.50174984236535,0.49385978002246267,0.2620553359511834,-1089.0,2,0,0.9812677480916031,-8823,39,2
0,0.5884877883422673,0.49385978002246267,0.7807109587671263,-7863.0,2,0,0.9757,-16964,4,2
0,0.4578995512067301,0.5155531307162338,0.6836599721363399,-3715.0,2,0,0.9812677480916031,-14206,34,2
0,0.1575949986663102,0.5355834734401108,0.6953210648829512,-10286.0,2,0,0.9772,-10475,4,2
0,0.50174984236535,0.49385978002246267,0.5779850111020319,-8869.0,2,0,0.9812677480916031,-21047,45,2
0,0.5082869913916046,0.1975077930803872,0.3202292667671293,-1709.0,2,0,0.9737,-10594,4,2
0,0.6832688314232291,0.8511914129651242,0.7529528251919125,-849.0,2,0,0.9985,-13397,23,2
0,0.50174984236535,0.2773696961804818,0.4402566832329149,-3996.0,2,0,0.9812677480916031,-10295,31,2
0,0.3031463744186309,0.49385978002246267,0.2886110122159613,-7710.0,3,0,0.9812677480916031,-13737,34,3
0,0.0600353828621645,0.6936373894259483,0.6020424786606463,-4169.0,3,0,0.9812677480916031,-15779,3,3
0,0.5549467685334323,0.2279285962666159,0.5788168780693591,-3622.0,2,0,0.9935,-13614,24,2
0,0.0839170036575357,0.49385978002246267,0.638033041155787,-10607.0,2,0,0.9841,-22662,45,2
0,0.5262949398096192,0.49385978002246267,0.3133949165456067,-12163.0,2,0,0.9812677480916031,-20074,10,2
0,0.3077366963789207,0.49385978002246267,0.63911309500744,-5173.0,2,0,0.9841,-10710,10,2
0,0.8016009030071296,0.49385978002246267,0.6720139387554306,-6758.0,2,0,0.9812677480916031,-12793,15,2
0,0.5513812618027899,0.4031649276589737,0.621073118836006,-1485.0,2,0,0.9722,-10106,4,2
0,0.4776491548517548,0.49385978002246267,0.2413152753652559,-10524.0,2,0,0.9851,-22844,45,2
0,0.3979463219016906,0.7185664712563883,0.4951747645271692,-4420.0,2,0,0.9812677480916031,-20026,28,2
0,0.4311917977993083,0.49385978002246267,0.4820017092821654,-1278.0,2,0,0.9812677480916031,-17389,4,2
0,0.50174984236535,0.49385978002246267,0.4252810381340861,-6264.0,2,0,0.9812677480916031,-16422,4,2
0,0.50174984236535,0.49385978002246267,0.7401279653202859,-1452.0,1,0,0.9826,-13618,4,1
0,0.2985949897873972,0.49385978002246267,0.0762451306638559,-5232.0,2,0,0.9812677480916031,-21182,45,2
0,0.7394117535524816,0.3027409522188869,0.1116582179607713,-6508.0,2,0,0.9836,-12462,39,2
0,0.2498850627504553,0.6858231831615927,0.7054751384784301,-179.0,2,0,0.9812677480916031,-12687,37,2
0,0.5989262182569273,0.49385978002246267,0.6958165307388609,-12125.0,2,0,0.9747,-21758,13,2
0,0.6658549219640212,0.320939944715342,0.7554297788408103,-866.0,2,0,0.9791,-13145,4,2
0,0.6296742509538716,0.49385978002246267,0.2665197753925157,-3018.0,2,0,0.9876,-9354,1,2
0,0.7981372313187245,0.5856018686145934,0.7725288491495007,-8492.0,2,0,0.9821,-16110,43,2
0,0.5495965024956946,0.5913623443752211,0.7345121279953251,-5324.0,2,0,0.9891,-14971,8,2
0,0.2340151665320674,0.8433412481404348,0.481281052059195,-5687.0,3,0,0.9812677480916031,-20067,4,3
0,0.4418358231994413,0.49385978002246267,0.6315898693876703,-5012.0,2,0,0.9812677480916031,-10978,31,2
0,0.3556387169923543,0.49385978002246267,0.1604848531405259,-4365.0,2,0,0.9697,-14809,43,2
0,0.50174984236535,0.2264247800340344,0.3296833903956659,-8997.0,2,0,0.9782,-9038,4,2
0,0.50174984236535,0.6155614047775259,0.728853971857924,-9305.0,2,0,0.9871,-18190,45,2
0,0.4066174366275036,0.49385978002246267,0.6631189963674364,-7709.0,2,0,0.9484,-14539,4,2
0,0.470456116119975,0.49385978002246267,0.6155149130105148,-1096.0,2,0,0.9812677480916031,-18158,26,2
0,0.6363761710860439,0.121547579241846,0.4040909209054462,-10030.0,2,0,0.9812677480916031,-16229,34,2
0,0.434733248750173,0.3055884000721008,0.5794831156165487,-2638.0,3,0,0.9812677480916031,-12059,4,3
0,0.50174984236535,0.49385978002246267,0.6543642160263696,-1617.0,3,0,0.9796,-12513,16,3
0,0.50174984236535,0.8814086579631025,0.3572819736123357,-1801.0,2,0,0.9812677480916031,-23444,45,2
0,0.3859146722745145,0.49385978002246267,0.4531788314872906,-10024.0,2,0,0.9812677480916031,-20216,11,2
0,0.5797274227921155,0.49385978002246267,0.2437497457884428,-3948.0,2,0,0.9812677480916031,-21198,45,2
0,0.50174984236535,0.49385978002246267,0.2987711935734455,-9762.0,1,0,0.9866,-12901,4,1
0,0.3876253444214701,0.4187497054361815,0.3114923722323724,-4655.0,2,0,0.9891,-10000,4,2
0,0.326475210066026,0.49385978002246267,0.6273157382358141,-5213.0,3,0,0.9926,-13260,4,3
0,0.5673792367572691,0.563925358023255,0.6317730270035831,-5242.0,2,0,0.9821,-15204,26,2
0,0.3217352821966848,0.2037908976123595,0.3308442412767429,-6468.0,2,0,0.9812677480916031,-12737,39,2
0,0.3312508645909018,0.49385978002246267,0.6181249830868519,-4136.0,2,0,0.9876,-10212,4,2
0,0.3016248916841194,0.3558321839920106,0.6222457752555098,-6607.0,2,0,0.9812677480916031,-12938,24,2
0,0.50174984236535,0.49385978002246267,0.5363363031981635,-13329.0,2,0,0.9821,-20986,4,2
0,0.501075160239048,0.49385978002246267,0.3411229075988826,-4914.0,2,0,0.9812677480916031,-13519,23,2
0,0.6577838002083306,0.49385978002246267,0.5040800970808921,-1950.0,2,0,0.9812677480916031,-23725,45,2
0,0.50174984236535,0.49385978002246267,0.5500092836383159,-539.0,2,0,0.9812677480916031,-7915,34,2
0,0.5814837058057234,0.49385978002246267,0.0337594778271454,-11326.0,3,0,0.9812677480916031,-20845,45,3
0,0.3791004853998145,0.49385978002246267,0.7246766359355853,-8464.0,2,0,0.9841,-14491,4,2
0,0.6785676886853644,0.49385978002246267,0.5894618354303743,-4159.0,2,0,0.9871,-24214,45,2
0,0.4884551844437485,0.49385978002246267,0.7384969465963286,-618.0,1,0,0.9812677480916031,-10153,4,1
0,0.50174984236535,0.49385978002246267,0.5513998261936828,-7957.0,3,0,0.9856,-19997,4,1
0,0.5531646987710016,0.49385978002246267,0.6401564829717079,-6814.0,2,0,0.9812677480916031,-12697,4,2
0,0.7001838506835805,0.7834695656376982,0.7784187160573054,-5225.0,1,0,0.9926,-17567,44,1
0,0.5100895276257282,0.6733439557065721,0.2735367791652332,-2282.0,2,0,0.9812677480916031,-22061,45,2
0,0.50174984236535,0.49385978002246267,0.5283446494726729,-1576.0,2,0,0.9955,-14071,37,2
0,0.3910549766342248,0.6158270328503052,0.4825750129660216,-4833.0,2,0,0.9896,-11469,34,2
0,0.50174984236535,0.4906804241128892,0.6332166012634296,-2905.0,2,0,0.9812677480916031,-21598,45,2
0,0.7136313997323308,0.6074873788002321,0.6968938713196431,-28.0,3,0,0.9876,-12711,4,3
0,0.4048783643353997,0.319685190488156,0.7490559099168488,-2842.0,2,0,0.9812677480916031,-13265,8,2
0,0.50174984236535,0.49385978002246267,0.4199345051552553,-4718.0,2,0,0.9812677480916031,-15826,43,2
0,0.7435593141311444,0.49385978002246267,0.7615741592042597,-8080.0,1,0,0.9812677480916031,-17898,8,1
0,0.4489622731076524,0.39651085535782,0.2968916456319219,-5447.0,3,0,0.9846,-11393,4,3
0,0.7062051096536562,0.49385978002246267,0.6879243323031209,-4540.0,2,0,0.9812677480916031,-19566,34,2
0,0.6127042441012546,0.1025705291931101,0.2777281390176555,-7527.0,2,0,0.9687,-13658,13,2
0,0.511891801533151,0.49385978002246267,0.4686466943429786,-2701.0,2,0,0.9757,-17394,43,2
0,0.0850326148969535,0.2365364219283131,0.4162423229328957,-9584.0,3,0,0.9812677480916031,-18283,32,3
0,0.2314393514998941,0.7798003709777143,0.4235822778762953,-6436.0,3,0,0.9812677480916031,-19481,34,3
0,0.4241303111942548,0.49385978002246267,0.2436691352548864,-402.0,2,0,0.9812677480916031,-15542,6,2
0,0.2418614865234661,0.49385978002246267,0.6797502120363215,-9516.0,2,0,0.9871,-21368,45,2
0,0.5656079814115492,0.2750635053099589,0.4611397160398888,-5245.0,2,0,0.9812677480916031,-13593,26,2
0,0.6127042441012546,0.49385978002246267,0.7164477169197413,-2873.0,1,0,0.9812677480916031,-15904,24,1
0,0.5513812618027899,0.49385978002246267,0.3285487329096551,-983.0,2,0,0.9806,-22668,20,2
0,0.6594055320683344,0.49385978002246267,0.545632467369198,-3877.0,2,0,0.9737,-16500,34,2
0,0.6801388218428291,0.8103669178144526,0.6849638043342275,-7224.0,3,0,0.9841,-19559,8,3
0,0.6195277080511546,0.49385978002246267,0.6890499307279135,-12768.0,2,0,0.9812677480916031,-21990,45,2
0,0.7180328113294772,0.49385978002246267,0.6353521498801643,-1494.0,2,0,0.9945,-23906,44,2
0,0.8327850252992314,0.49385978002246267,0.618909262867545,-12687.0,2,0,0.9786,-24283,45,2
0,0.7490217048463391,0.49385978002246267,0.7585192949741487,-10927.0,3,0,0.9717,-22419,45,3
0,0.7570690154522959,0.49385978002246267,0.5620844413887529,-8703.0,2,0,0.9692,-17135,26,2
0,0.746300213050371,0.49385978002246267,0.2622583692422573,-997.0,2,0,0.9812677480916031,-10473,26,2
0,0.6279908192952864,0.1858835948861883,0.5090376774994256,-1231.0,2,0,0.9812677480916031,-10823,26,2
0,0.3807996826489149,0.49385978002246267,0.6865000912733634,-3640.0,2,0,0.9821,-17849,4,2
0,0.50174984236535,0.49385978002246267,0.2816003254729449,-6272.0,2,0,0.9767,-13044,34,2
0,0.3689687382528466,0.8150410444459065,0.2622583692422573,-4666.0,2,0,0.9806,-16114,4,2
0,0.1237353221130787,0.5714161389013177,0.6778526357211656,-2289.0,1,0,0.9762,-11784,3,1
0,0.5406544504453575,0.5259675985808179,0.5244358251128683,-3423.0,3,0,0.9812677480916031,-9969,8,3
0,0.3360615207658242,0.49385978002246267,0.7370288984699432,-8741.0,1,0,0.9812677480916031,-14984,4,1
0,0.3842068130556564,0.4975366156825301,0.7174772228204213,-691.0,2,0,0.9812677480916031,-14135,8,2
0,0.7281412993111438,0.3608890857230246,0.6509436926819131,-6333.0,2,0,0.9812677480916031,-12279,40,2
0,0.2735646775174348,0.49385978002246267,0.6701459447538789,-3362.0,2,0,0.9812677480916031,-13789,1,2
0,0.5709165417729987,0.7292592341176652,0.6963809006811679,-5770.0,2,0,0.9712,-18601,34,2
0,0.2896112383820055,0.4056197480884994,0.6741071371222168,-6404.0,2,0,0.9806,-17755,34,2
0,0.50174984236535,0.49385978002246267,0.4901518114964671,-4735.0,2,0,0.9812677480916031,-16804,8,2
0,0.1428725230413196,0.49385978002246267,0.5746478159148163,-7529.0,2,0,0.9801,-22451,45,2
0,0.7407990879702335,0.5214607997671945,0.6474626322362367,-7171.0,2,0,0.9901,-13250,23,2
0,0.7751552674785404,0.5481806755322435,0.7004663105409844,-6290.0,2,0,0.9812677480916031,-12348,34,2
0,0.7636399214572418,0.49385978002246267,0.1564548506357931,-9073.0,2,0,0.9876,-22419,34,2
0,0.3910549766342248,0.604887612948031,0.6635048062798636,-8634.0,2,0,0.9812677480916031,-14957,2,2
0,0.363945238612397,0.3850465604697554,0.3056883469234736,-9914.0,2,0,0.9812677480916031,-9944,23,2
0,0.50174984236535,0.49385978002246267,0.3820953921845129,-1348.0,2,0,0.9811,-23911,45,2
0,0.4686596550493113,0.49385978002246267,0.5007289801317811,-537.0,2,0,0.9722,-19442,23,2
0,0.2445163919946749,0.5431579357337187,0.4439674735780239,-551.0,2,0,0.9812677480916031,-13783,26,2
0,0.7338145369642702,0.686129750252724,0.4586085555130808,-742.0,2,0,0.9886,-13214,12,2
0,0.50174984236535,0.49385978002246267,0.6292104850608609,-7539.0,2,0,0.9752,-23510,45,2
0,0.3539876078507373,0.49385978002246267,0.676451913711693,-3839.0,3,0,0.9812677480916031,-20528,45,3
0,0.4311917977993083,0.2952046485457685,0.3119286933846768,-3223.0,1,0,0.9782,-8374,4,1
0,0.6263042766749393,0.49385978002246267,0.3236136062127295,-1168.0,2,0,0.9777,-12748,4,2
0,0.7981372313187245,0.49385978002246267,0.7299287082971404,-10489.0,2,0,0.9782,-21513,45,2
0,0.190705947811054,0.49385978002246267,0.2512018598822701,-3935.0,2,0,0.9727,-18989,6,2
0,0.50174984236535,0.5431776763861768,0.3431014542690349,-4040.0,3,0,0.9806,-15844,31,3
0,0.1929422277169508,0.3924062939090317,0.7437412441916065,-10127.0,2,0,0.9861,-17419,34,2
0,0.7713615919194317,0.4695508593072106,0.3290796010809451,-5352.0,2,0,0.9812677480916031,-11279,26,2
0,0.6512602186973006,0.49385978002246267,0.6121767726115808,-10300.0,1,0,0.9722,-20327,23,1
0,0.50174984236535,0.3886129696797812,0.5719838452645221,-7190.0,3,0,0.9812677480916031,-13982,10,3
0,0.5531646987710016,0.49385978002246267,0.1985355825025169,-4441.0,2,0,0.9812677480916031,-19391,28,2
0,0.4992720153045617,0.49385978002246267,0.5278596327883407,-261.0,2,0,0.9995,-21648,14,2
0,0.50174984236535,0.49385978002246267,0.1571661223619236,-6970.0,2,0,0.9812677480916031,-14236,2,2
0,0.6041125998015721,0.5501087667928709,0.6466835858109568,-8971.0,1,0,0.9861,-16911,37,1
0,0.50174984236535,0.49385978002246267,0.1155108574110609,-166.0,2,0,0.9812677480916031,-17208,26,2
0,0.2009260877159709,0.49385978002246267,0.5892130942143725,-2488.0,2,0,0.9812677480916031,-9196,36,2
0,0.5100895276257282,0.49385978002246267,0.6474376749337114,-9275.0,2,0,0.9757,-22681,45,2
0,0.7969726818373722,0.7159330455439329,0.2653117484731741,-5436.0,2,0,0.9812677480916031,-19921,34,2
0,0.7366226976503176,0.49385978002246267,0.5442496722276691,-9529.0,2,0,0.9836,-21640,45,2
0,0.5531646987710016,0.455722660060321,0.6854637794156432,-2224.0,3,0,0.9896,-12260,36,3
0,0.6925590674998008,0.3381689829645391,0.5295651267733419,-252.0,2,0,0.9876,-14052,41,2
0,0.6801388218428291,0.49385978002246267,0.4729998421916974,-9968.0,2,0,0.9871,-16825,39,2
0,0.5814837058057234,0.49385978002246267,0.4870974081594029,-195.0,2,0,0.9752,-19220,9,2
0,0.3457848024695955,0.49385978002246267,0.3527604600220212,-5027.0,1,0,0.9812677480916031,-24074,45,1
0,0.2115507642052577,0.5577880821213814,0.5351723704327171,-7029.0,2,0,0.9812677480916031,-14524,6,2
0,0.164414178829907,0.49385978002246267,0.214902267664437,-6193.0,2,0,0.9812677480916031,-12197,4,2
0,0.8327850252992314,0.7049030247644835,0.7070221441277308,-8287.0,1,0,0.9812677480916031,-19336,3,1
0,0.8171723992791566,0.49385978002246267,0.7784903717129671,-994.0,1,0,0.9812677480916031,-16484,8,1
0,0.7862666146611379,0.49385978002246267,0.5284754313663995,-1941.0,3,0,0.997,-15202,31,3
0,0.2735646775174348,0.3797086768805626,0.619775377274835,-175.0,3,0,0.9801,-9964,26,1
0,0.633031641417419,0.3170973665504882,0.6194712926957558,-2477.0,2,0,0.9812677480916031,-13481,23,2
0,0.6545292802242897,0.4372891777945847,0.6456336382884252,-2588.0,2,0,0.9812677480916031,-12994,4,2
0,0.4294236843421945,0.49385978002246267,0.63911309500744,-4368.0,1,0,0.9826,-23617,45,1
0,0.50174984236535,0.49385978002246267,0.6667680659246819,-10945.0,2,0,0.9846,-21122,45,2
0,0.4668640059537032,0.8267106749779116,0.4126496128124619,-218.0,3,0,0.9786,-22579,45,3
0,0.50174984236535,0.1666561668232694,0.7030704152955191,-630.0,1,0,0.9782,-10725,36,1
0,0.6956219298394389,0.49385978002246267,0.1296412944392515,-13698.0,2,0,0.9796,-19768,28,2
0,0.3740208032583212,0.49385978002246267,0.302546068061971,-5903.0,2,0,0.9836,-19658,4,2
0,0.7324033228040929,0.49385978002246267,0.5892713143370044,-9445.0,3,0,0.9762,-20797,4,2
0,0.6769925032909132,0.2933120419812268,0.6206098375204324,-6449.0,3,0,0.9812677480916031,-11818,41,3
0,0.50174984236535,0.4250968511475418,0.6113197925372308,-771.0,2,0,0.9811,-11450,34,2
0,0.6496203111237195,0.49385978002246267,0.3958620991625039,-7482.0,3,0,0.9811,-24833,23,3
0,0.6109913280868294,0.3639958903804601,0.7190746546942157,-4690.0,2,0,0.9812677480916031,-13631,4,2
0,0.50174984236535,0.49385978002246267,0.6404989501314414,-6652.0,2,0,0.9812677480916031,-19168,30,2
0,0.511891801533151,0.49385978002246267,0.5921262889504417,-2213.0,2,0,0.9801,-15631,4,2
0,0.5316861425197883,0.3281871500823682,0.3638360565564882,-3540.0,3,0,0.9812677480916031,-14529,0,3
0,0.5064842396679806,0.5870126411725362,0.639748357841913,-212.0,2,0,0.9812677480916031,-10697,7,2
0,0.50174984236535,0.49385978002246267,0.7809355016213866,-2992.0,2,0,0.9786,-9584,39,2
0,0.4294236843421945,0.49385978002246267,0.6624005183150505,-934.0,2,0,0.9812677480916031,-17429,16,2
0,0.524496446363472,0.49385978002246267,0.7131264851560603,-828.0,1,0,0.9811,-18147,4,1
0,0.5352762504724826,0.49385978002246267,0.1409536356271105,-4482.0,3,0,0.9866,-10767,4,3
0,0.6910212267577837,0.5722731822191123,0.6125089906132202,-17.0,2,0,0.9782,-12334,4,2
0,0.7121551551910698,0.4924345651092644,0.5541892860863376,-2098.0,2,0,0.9856,-14078,34,2
0,0.8106180215523969,0.49385978002246267,0.7023166174943369,-824.0,2,0,0.994,-24011,45,2
0,0.5531646987710016,0.3576720226912164,0.6624200786833516,-5592.0,2,0,0.9812677480916031,-12020,3,2
0,0.3740208032583212,0.49385978002246267,0.6201875452196697,-5592.0,2,0,0.9876,-15292,26,2
0,0.3859146722745145,0.49385978002246267,0.6332775449604263,-6618.0,2,0,0.9812677480916031,-18772,45,2
0,0.3706496323299817,0.49385978002246267,0.6071081166179926,-5646.0,2,0,0.9697,-19853,4,2
0,0.4083588531230431,0.8532320805040083,0.7822271366360121,-10421.0,2,0,0.9782,-16337,26,2
0,0.5513812618027899,0.6421361476544531,0.7308244200398258,-7462.0,2,0,0.9812677480916031,-16457,8,2
0,0.4418358231994413,0.6574262670219961,0.534878606727517,-1743.0,2,0,0.997,-16339,34,2
0,0.4668640059537032,0.49385978002246267,0.3257328568952601,-14517.0,3,0,0.9812677480916031,-22379,45,2
0,0.4031416766587513,0.49385978002246267,0.672028398172794,-2908.0,1,0,0.9812677480916031,-16408,26,1
0,0.50174984236535,0.49385978002246267,0.4781591423322323,-4575.0,3,0,0.9812677480916031,-20376,45,3
0,0.7076993447402619,0.49385978002246267,0.3056929881840761,-2488.0,2,0,0.9762,-21347,7,2
0,0.7252764347002191,0.5575177005452969,0.5449764039476732,-10611.0,3,0,0.9812677480916031,-22261,45,3
0,0.5549467685334323,0.49385978002246267,0.3324826023357555,-4941.0,2,0,0.9812677480916031,-14621,3,2
0,0.5867400085415683,0.4158952383711275,0.5393910696789003,-4083.0,2,0,0.9812677480916031,-9265,31,2
0,0.50174984236535,0.49385978002246267,0.5051624495181273,-542.0,2,0,0.9812677480916031,-8774,37,2
0,0.1684161714286957,0.557596201941485,0.5651877337507984,-4859.0,2,0,0.9786,-10252,4,2
0,0.6658549219640212,0.49385978002246267,0.5160144081509549,-12822.0,3,0,0.9812677480916031,-20029,45,3
0,0.2925880073368475,0.8859887080830193,0.2508893798050321,-11855.0,2,0,0.9801,-21870,45,2
0,0.2735646775174348,0.49385978002246267,0.4874907704397702,-3739.0,2,0,0.9812677480916031,-13235,23,2
0,0.7091891096653581,0.6038286947766274,0.2217914024436624,-7285.0,2,0,0.9762,-19299,4,2
0,0.3825018041447388,0.0920944119381615,0.6713581027497798,-4536.0,2,0,0.9777,-10742,2,2
0,0.3328505641648731,0.49385978002246267,0.4887529099427945,-5509.0,3,0,0.9812677480916031,-23152,45,3
0,0.50174984236535,0.49385978002246267,0.3677880027129247,-4710.0,2,0,0.9812677480916031,-20413,45,2
0,0.3409064264152384,0.49385978002246267,0.1018191991346106,-2175.0,3,0,0.9812677480916031,-19026,10,3
0,0.511891801533151,0.8649921065687929,0.7348999951944344,-7316.0,1,0,0.9772,-13422,4,1
0,0.6785676886853644,0.6620140950124552,0.7347125002498786,-418.0,2,0,0.993,-18167,34,2
0,0.6430255641096323,0.49385978002246267,0.6830874513084251,-11200.0,2,0,0.9812677480916031,-19310,34,2
0,0.50174984236535,0.2515288299973301,0.7398965696576331,-6212.0,2,0,0.9856,-14056,41,2
0,0.5937175866150576,0.7533954126370286,0.740905315285037,-5496.0,2,0,0.9801,-16973,26,2
0,0.6577838002083306,0.49385978002246267,0.2834620623171855,-1382.0,1,0,0.9772,-12323,4,1
0,0.5971924268337128,0.49385978002246267,0.2822776682977466,-343.0,2,0,0.9812677480916031,-17818,4,2
0,0.5726825047161584,0.49385978002246267,0.7344694831347198,-6323.0,2,0,0.9812677480916031,-19966,34,2
0,0.5884877883422673,0.49385978002246267,0.6894105878569036,-1912.0,1,0,0.9812677480916031,-22604,45,1
0,0.4974688893052743,0.7474706199183334,0.7482905874061591,-3565.0,1,0,0.9767,-13657,4,1
0,0.7898803468924867,0.7664317745309202,0.6426612266884005,-4418.0,2,0,0.9812677480916031,-24244,45,2
0,0.7544061731797895,0.49385978002246267,0.7004479577843421,-281.0,2,0,0.9861,-12009,31,2
0,0.5280927512030451,0.49385978002246267,0.6532505611398314,-5196.0,2,0,0.9812677480916031,-14034,34,2
0,0.4525335592581747,0.49385978002246267,0.6738861136444572,-811.0,2,0,0.9921,-13168,4,2
0,0.4632753280912678,0.5608623125737368,0.6078224826164322,-287.0,2,0,0.9812677480916031,-12024,43,2
0,0.5082869913916046,0.7718388455903771,0.5590948783309927,-1568.0,2,0,0.9812677480916031,-14100,26,2
0,0.4902575124990026,0.49385978002246267,0.2116222558043672,-5012.0,2,0,0.9812677480916031,-13165,8,2
0,0.1034490521267516,0.49385978002246267,0.5317926654215133,-4545.0,2,0,0.9826,-17111,16,2
0,0.2250868621163805,0.49385978002246267,0.6243149953134617,-9709.0,2,0,0.9812677480916031,-15616,13,2
0,0.2793353208976285,0.49385978002246267,0.6932370294041926,-797.0,2,0,0.9812677480916031,-14867,4,2
0,0.50174984236535,0.49385978002246267,0.5412214391388938,-8726.0,1,0,0.9692,-8891,4,1
0,0.7252764347002191,0.49385978002246267,0.6684712892982513,-7985.0,2,0,0.9812677480916031,-16457,34,2
0,0.50174984236535,0.4284205388829181,0.6166269537831879,-7705.0,2,0,0.9812677480916031,-13808,16,2
0,0.6642482627052363,0.49385978002246267,0.6344904501987171,-6424.0,2,0,0.9812677480916031,-22151,45,2
0,0.5388627065779676,0.49385978002246267,0.4201848812860025,-8217.0,2,0,0.9812677480916031,-15254,28,2
0,0.4241303111942548,0.4299992459785616,0.7101333381279933,-8330.0,2,0,0.9816,-15308,37,2
0,0.7476633896301825,0.6102745022121779,0.5939945274261405,-6857.0,2,0,0.9752,-12744,9,2
0,0.7106743858828587,0.7909568152820221,0.6226928603463178,-8087.0,2,0,0.9812677480916031,-17061,23,2
0,0.3001077565791181,0.49385978002246267,0.7312500846431583,-6442.0,2,0,0.9911,-20436,45,2
0,0.6910212267577837,0.49385978002246267,0.529712214294233,-10576.0,2,0,0.9796,-22293,34,2
0,0.50174984236535,0.5848938077306547,0.6104933237276491,-3092.0,3,0,0.9812677480916031,-11050,31,3
0,0.7380196196295241,0.49385978002246267,0.5387716512071936,-13149.0,2,0,0.9767,-25016,45,2
0,0.2925880073368475,0.3945158346352731,0.5271020299374019,-679.0,2,0,0.9856,-12677,26,2
0,0.6413682574954046,0.49385978002246267,0.5700983479545332,-6192.0,2,0,0.9851,-24626,31,2
0,0.5709165417729987,0.49385978002246267,0.6376238709800133,-662.0,2,0,0.9811,-11170,4,2
0,0.4258928980051529,0.49385978002246267,0.6012039088066361,-6030.0,2,0,0.9812677480916031,-12161,27,2
0,0.5226973172821112,0.49385978002246267,0.6233040524844439,-1590.0,2,0,0.9747,-10144,8,2
0,0.5334816299804352,0.2093086575915569,0.7081171272008381,-7.0,2,0,0.9812677480916031,-12409,4,2
0,0.4382813743111921,0.49385978002246267,0.6583396345446277,-2265.0,2,0,0.9777,-19139,6,2
0,0.3523399726917038,0.6457578668375298,0.7253306077392674,-4041.0,2,0,0.9812677480916031,-20054,31,2
0,0.5549467685334323,0.49385978002246267,0.3524709307010264,-1388.0,3,0,0.9811,-18307,4,3
0,0.6817058776720116,0.49385978002246267,0.5712930930044925,-7886.0,2,0,0.9891,-19540,4,2
0,0.2188590822283744,0.1804221661405849,0.4347299875530192,-3195.0,3,0,0.9812677480916031,-16269,4,3
0,0.50174984236535,0.49385978002246267,0.2066277602093065,-2418.0,2,0,0.9812677480916031,-16071,34,2
0,0.50174984236535,0.49385978002246267,0.5787582353860669,-116.0,1,0,0.997,-11716,26,1
0,0.445396241560834,0.1038945594530308,0.7287243044021083,-477.0,2,0,0.9782,-14384,34,2
0,0.5549467685334323,0.2539696133138738,0.5503123485953261,-5455.0,2,0,0.9812677480916031,-12213,34,2
0,0.4812493411434029,0.3303345530696054,0.5919836861009391,-714.0,2,0,0.9866,-10240,1,2
0,0.4471785780453068,0.7395175615481843,0.7311899155014426,-9263.0,1,0,0.9876,-20528,26,1
0,0.3001077565791181,0.49385978002246267,0.5437126372563816,-2508.0,2,0,0.9762,-10898,39,2
0,0.2636468134452008,0.4626746233429082,0.7740316859664761,-727.0,2,0,0.9826,-17193,34,2
0,0.7801436381572275,0.8931782283767272,0.6597793316650511,-7678.0,2,0,0.9812677480916031,-19368,34,2
0,0.50174984236535,0.49385978002246267,0.7587195101809171,-2001.0,2,0,0.9812677480916031,-22105,21,2
0,0.50174984236535,0.49385978002246267,0.2015379321853244,-4354.0,2,0,0.9812677480916031,-23708,45,2
0,0.5954562029091491,0.6553228918197659,0.4713267088905418,-920.0,2,0,0.9846,-16299,4,1
0,0.50174984236535,0.2447168113326859,0.5267858707739439,-4301.0,3,0,0.9812677480916031,-9887,34,3
0,0.50174984236535,0.2652448668289017,0.7178804183395087,-4955.0,2,0,0.9752,-15406,20,2
0,0.5298898341969072,0.6116590808049681,0.6140337688378603,-3496.0,2,0,0.9851,-18361,23,2
0,0.50174984236535,0.1541222237331075,0.2389212958524697,-8274.0,2,0,0.9812677480916031,-8317,1,2
0,0.2764406945454034,0.49385978002246267,0.4537478828989542,-6222.0,2,0,0.9732,-16812,2,2
0,0.3409064264152384,0.8607289108608583,0.7095252844936959,-11627.0,1,0,0.9772,-19828,31,1
0,0.4812493411434029,0.201083540186304,0.5966233794009176,-868.0,2,0,0.9812677480916031,-11191,37,2
0,0.7583930617144343,0.49385978002246267,0.2236843136840622,-4913.0,2,0,0.9812677480916031,-16256,0,2
0,0.1131963530622281,0.49385978002246267,0.0358185695953145,-6648.0,3,0,0.9812677480916031,-8977,34,3
0,0.6246146584503397,0.6223992216920692,0.6586346918331007,-5777.0,2,0,0.9742,-11656,4,2
0,0.50174984236535,0.3345738272765637,0.5105459608598827,-6056.0,3,0,0.9911,-17225,6,3
0,0.3539876078507373,0.49385978002246267,0.3789870390105888,-11848.0,2,0,0.9836,-22002,45,2
0,0.2512394458905693,0.49385978002246267,0.062268380218756,-5005.0,2,0,0.9812677480916031,-10406,4,2
0,0.2250868621163805,0.49385978002246267,0.4907310905817665,-11126.0,2,0,0.9846,-24194,45,2
0,0.6754132910917112,0.49385978002246267,0.7150239958374901,-7003.0,1,0,0.9935,-22316,6,1
0,0.50174984236535,0.49385978002246267,0.6390273476020889,-4584.0,2,0,0.9717,-18026,4,2
0,0.266456808245056,0.0618596572430524,0.3536496900908256,-3225.0,2,0,0.9747,-11706,23,2
0,0.50174984236535,0.1984608328099972,0.6784397028819183,-508.0,2,0,0.9812677480916031,-11227,34,2
0,0.1997705696341145,0.49385978002246267,0.5936675166427151,-827.0,2,0,0.9812677480916031,-12385,0,2
0,0.3622772470384314,0.4186916154449141,0.5043698218511083,-5755.0,3,0,0.9812677480916031,-11964,26,3
0,0.5989262182569273,0.5232031188845676,0.4768824751630417,-5621.0,3,0,0.9812677480916031,-16054,31,3
0,0.50174984236535,0.49385978002246267,0.1750342326896317,-10461.0,2,0,0.9851,-19930,8,2
0,0.6058362647264226,0.8380834614114099,0.6454835308741504,-6112.0,2,0,0.9791,-17170,2,2
0,0.7394117535524816,0.49385978002246267,0.6286440069110838,-4186.0,2,0,0.9812677480916031,-20194,26,2
0,0.0744606878956731,0.4994569798601498,0.6844020005637882,-1856.0,2,0,0.9866,-13649,39,2
0,0.6658549219640212,0.4776669840646902,0.0679029737166863,-298.0,3,0,0.9812677480916031,-11221,41,3
1,0.3392876999089139,0.3983588975134496,0.6365975442296551,-2345.0,2,0,0.9812677480916031,-11073,34,2
1,0.1325974952361461,0.49385978002246267,0.4618842427458765,-5316.0,2,0,0.9851,-11333,4,2
1,0.2103502286944494,0.2415432958281718,0.4375479018486623,-4863.0,3,0,0.9812677480916031,-10824,4,3
1,0.622922000268356,0.49385978002246267,0.6414953180940401,-155.0,2,0,0.8421,-13454,27,2
1,0.0604436913265675,0.49385978002246267,0.1977399677721085,-4459.0,3,0,0.9866,-14681,4,3
1,0.50174984236535,0.40027562022018,0.6808916168846262,-11678.0,2,0,0.9801,-17527,28,2
1,0.6577838002083306,0.4610576154637233,0.6313506898344055,-7755.0,3,0,0.9777,-13674,4,3
1,0.50174984236535,0.4969222885661553,0.25162988310685,-1138.0,1,0,0.9831,-17170,4,1
1,0.50174984236535,0.49385978002246267,0.3062966876869662,-3182.0,2,0,0.9812677480916031,-8382,4,2
1,0.3825018041447388,0.49385978002246267,0.6363749246726291,-995.0,2,0,0.9812677480916031,-15935,4,2
1,0.50174984236535,0.4805127330409088,0.706333157617133,-3350.0,1,0,0.9812677480916031,-14055,4,1
1,0.4920600938649263,0.3749609950634419,0.5301316576828751,-89.0,2,0,0.9812677480916031,-12912,35,2
1,0.8128226070575616,0.49385978002246267,0.3394685255206921,-6917.0,3,0,0.9812677480916031,-17538,0,3
1,0.50174984236535,0.1809586974187664,0.66165681299409,-6615.0,2,0,0.9821,-14848,39,2
1,0.2458512138252296,0.2955707689552391,0.5220628717894454,-2704.0,2,0,0.9826,-13326,20,2
1,0.25533177083329,0.4964184587910889,0.2526855393432237,-3997.0,2,0,0.9812677480916031,-16459,34,2
1,0.0710551246687366,0.2676844819161528,0.4326407768638117,-306.0,2,0,0.9812677480916031,-15367,4,2
1,0.4294236843421945,0.49385978002246267,0.633338484394744,-7102.0,2,0,0.9762,-13296,26,2
1,0.0908147089893367,0.5636688377736161,0.144882955459092,-622.0,3,0,0.9812677480916031,-16706,31,3
1,0.3016248916841194,0.0752945467057725,0.6677924664924884,-6959.0,2,0,0.9901,-14163,27,2
1,0.4241303111942548,0.49385978002246267,0.3869238286489972,-114.0,2,0,0.9812677480916031,-18942,34,2
1,0.50174984236535,0.3215220138335974,0.1520475361672046,-8245.0,2,0,0.9871,-14211,32,2
1,0.6610235391308081,0.49385978002246267,0.4312671732104189,-4801.0,2,0,0.9777,-12072,3,2
1,0.50174984236535,0.49385978002246267,0.4581959472412945,-1434.0,3,0,0.9812677480916031,-13473,4,3
1,0.50174984236535,0.49385978002246267,0.4734850024334757,-281.0,2,0,0.9812677480916031,-17940,4,2
1,0.50174984236535,0.49385978002246267,0.342426556826251,-97.0,2,0,0.9791,-23587,45,2
1,0.50174984236535,0.49385978002246267,0.3483048700327121,-2337.0,3,0,0.9945,-17262,34,3
1,0.50174984236535,0.4353890571272884,0.4775207720350079,-3692.0,1,0,0.995,-12852,4,1
1,0.50174984236535,0.49385978002246267,0.0460394508355593,-237.0,3,0,0.9801,-18595,4,2
1,0.2750003523983893,0.1656568132012067,0.6065863918839188,-6729.0,2,0,0.9812677480916031,-8129,34,2
1,0.0005272652387098,0.49385978002246267,0.4195616809535988,-2050.0,3,0,0.9796,-18525,3,3
1,0.50174984236535,0.49385978002246267,0.0947651600681692,-287.0,2,0,0.9812677480916031,-12932,34,2
1,0.4956658291397297,0.5574173890242348,0.3090775828460607,-3107.0,3,0,0.9812677480916031,-15837,2,3
1,0.3344541255096772,0.3670401445523062,0.5587983781694915,-1282.0,3,0,0.9812677480916031,-15592,10,3
1,0.50174984236535,0.1521299876272882,0.5547997070931854,-1862.0,2,0,0.9812677480916031,-8854,4,2
1,0.5082869913916046,0.1624986090619877,0.5828152328749578,-451.0,2,0,0.998,-13806,4,2
1,0.50174984236535,0.6852133758982997,0.6509536299455762,-709.0,2,1,0.9812677480916031,-16057,34,2
1,0.50174984236535,0.2044399688059615,0.1988349936614628,-4442.0,2,0,0.9812677480916031,-10169,4,2
1,0.50174984236535,0.2925796760660772,0.3580456012049852,-653.0,3,0,0.9737,-12748,34,3
1,0.3490552510751822,0.6577904920582076,0.5279413808836161,-4886.0,2,0,0.9722,-11394,34,2
1,0.1595195404777181,0.49385978002246267,0.3422148589234419,-1347.0,1,0,0.9812677480916031,-15373,2,1
1,0.4776491548517548,0.264838501077659,0.1951235972290606,-1962.0,3,0,0.9791,-11618,4,3
1,0.5549467685334323,0.2980965806507091,0.2324105327916181,-490.0,2,0,0.9812677480916031,-11270,30,2
1,0.50174984236535,0.1611569486872363,0.583033210386588,-7079.0,1,0,0.9752,-12931,34,1
1,0.6430255641096323,0.49385978002246267,0.2967775385014228,-5618.0,2,0,0.9812677480916031,-16505,4,2
1,0.22009464485041,0.4720637292808411,0.4342625307191421,-7242.0,2,0,0.9812677480916031,-14023,8,2
1,0.50174984236535,0.49385978002246267,0.2552460131687931,-6790.0,2,0,0.9812677480916031,-9409,34,2
1,0.2458512138252296,0.49385978002246267,0.6243662834110812,-6544.0,2,0,0.9812677480916031,-23874,45,2
1,0.3842068130556564,0.49385978002246267,0.2858978721410488,-4708.0,2,0,0.9861,-10184,3,2
1,0.2431864804420123,0.49385978002246267,0.0532118582082176,-7695.0,3,0,0.9812677480916031,-15270,6,3
1,0.363945238612397,0.49385978002246267,0.0217680889813521,-11746.0,2,0,0.9812677480916031,-21242,34,2
1,0.50174984236535,0.49385978002246267,0.3625867984783937,-1032.0,3,0,0.9812677480916031,-11934,8,3
1,0.0005272652387098,0.49385978002246267,0.2417358993812597,-4074.0,2,0,0.9657,-14310,39,2
1,0.4436153084085652,0.49385978002246267,0.7144443826055835,-2371.0,3,0,0.9812677480916031,-12313,24,3
1,0.50174984236535,0.4385903249851701,0.4908349263010877,-5500.0,2,0,0.9812677480916031,-19263,34,2
1,0.0749592808990468,0.49385978002246267,0.4427532069775194,-1142.0,3,0,0.9812677480916031,-17951,26,3
1,0.50174984236535,0.49385978002246267,0.040739616811933,-3370.0,2,0,0.9697,-14222,39,2
1,0.1528662291550415,0.49385978002246267,0.4841477340681005,-3463.0,2,0,0.9812677480916031,-10058,2,2
1,0.4400578303966329,0.49385978002246267,0.2900408443288016,-2933.0,2,0,0.9747,-14327,4,2
1,0.50174984236535,0.49385978002246267,0.3927702995675697,-4093.0,3,0,0.9812677480916031,-10394,4,3
1,0.2405414172860865,0.49385978002246267,0.0524546182863916,-5559.0,3,0,0.9812677480916031,-18786,45,3
1,0.50174984236535,0.49385978002246267,0.4720024267208335,-5066.0,3,0,0.9812677480916031,-23306,45,3
1,0.2176285202779586,0.155260753774106,0.3259586288269526,-260.0,3,0,0.9791,-13208,4,3
1,0.50174984236535,0.49385978002246267,0.4246611579305985,-4512.0,2,0,0.9712,-11529,4,2
1,0.3606125659189888,0.49385978002246267,0.3788892573175301,-2856.0,2,0,0.9812677480916031,-14030,39,2
1,0.3996756156233169,0.49385978002246267,0.4914962140604099,-1033.0,2,0,0.9772,-14981,2,2
1,0.5989262182569273,0.49385978002246267,0.6656642241881816,-279.0,2,0,0.9812677480916031,-15138,41,1
1,0.50174984236535,0.3581595650023796,0.6258012139337104,-1184.0,1,0,0.998,-10947,4,1
1,0.50174984236535,0.49385978002246267,0.7081126074295548,-2560.0,2,0,0.9826,-21869,45,2
1,0.2940831009471255,0.49385978002246267,0.670981659610087,-4811.0,2,0,0.9861,-11675,43,2
1,0.4686596550493113,0.49385978002246267,0.1477095920062211,-2325.0,3,0,0.9812677480916031,-11322,4,3
1,0.524496446363472,0.49385978002246267,0.6151474149860559,-1111.0,2,0,0.9812677480916031,-15030,19,2
1,0.3409064264152384,0.256754766726437,0.6404032751682439,-3396.0,3,0,0.9812677480916031,-15252,26,2
1,0.50174984236535,0.5127576749706889,0.7054751384784301,-144.0,2,0,0.9841,-11357,23,1
1,0.50174984236535,0.49385978002246267,0.5631391501859655,-3921.0,3,0,0.9732,-16973,4,1
1,0.50174984236535,0.5198746137226635,0.3218498898899189,-8317.0,3,0,0.9841,-17028,4,3
1,0.6313545365850379,0.5182041633780949,0.6120573562691519,-5553.0,2,0,0.9717,-17791,6,2
1,0.50174984236535,0.7146152799075701,0.5825812697798687,-12404.0,2,0,0.9812677480916031,-22506,45,2
1,0.5585066276769286,0.49385978002246267,0.6715269480605109,-4726.0,1,0,0.9791,-11566,13,1
1,0.1951984060044098,0.2524352059907408,0.2554996685958982,-1515.0,3,0,0.9975,-15295,4,3
